date,store,product_id,name,price_kzt,subcategory,out_of_stock,on_promo
2026-09-28,MaxMarket,490f130f-fd42-4685-8c88-510fdb028e1f,*ЛБП Buldak Carbonara 140г,1120.0,Лапша Быстрого Приготовления,False,False
2026-09-28,MaxMarket,d6eb98b2-4175-4c7d-8446-79b7a6f3eb15,ЛБП Ramen Samyang 120гр,920.0,Лапша Быстрого Приготовления,False,False
2026-09-28,MaxMarket,152cf5ee-0838-4b7f-9973-fbd6820ffdf0,ЛБП Buldak Quatro cheese Ramen 145г,1120.0,Лапша Быстрого Приготовления,False,False
2026-09-28,MaxMarket,37fea6c8-659f-4a04-b688-06f250d85667,ЛБП Doshirak Чан Рамен острая 120г,610.0,Лапша Быстрого Приготовления,False,False
2026-09-28,MaxMarket,ff98519b-1fc2-4de2-9523-c2efb54907f1,ЛБП Роллтон куриный 60гр,165.0,Лапша Быстрого Приготовления,False,False
2026-09-28,MaxMarket,ef8b3523-f42c-4da3-ac30-ccc67114161e,ЛБП Doshirak Чан Рамен без приправы 120г,625.0,Лапша Быстрого Приготовления,False,False
2026-09-28,MaxMarket,c7f49de0-00d6-49f1-86fe-095d32503030,ЛБП Big Bon курица/сальса 75г,225.0,Лапша Быстрого Приготовления,False,False
2026-09-28,MaxMarket,452a4176-f053-4d8e-852f-5508bdb691a2,ЛБП Samyang cheese 120гр,1150.0,Лапша Быстрого Приготовления,False,False
2026-09-28,MaxMarket,a1b16bce-04a8-4692-a5c3-69399353c948,ЛБП Роллтон по-домашнему куриный лоток 90г,400.0,Лапша Быстрого Приготовления,False,False
2026-09-28,MaxMarket,7ada47ea-10c2-4175-8d7a-bf0d1fc4c1a3,ЛБП Роллтон по-домашнему курин. 85гр,230.0,Лапша Быстрого Приготовления,False,False
2026-09-28,MaxMarket,38918653-c053-49b4-9ac0-c2725569707f,ЛБП Чан Рамен Super Spicy 120гр,625.0,Лапша Быстрого Приготовления,False,False
2026-09-28,MaxMarket,e1be1ffa-91c6-4066-acbb-6431b4f9a746,ЛБП Роллтон по-домашнему кур.остр.лот. 90гр,400.0,Лапша Быстрого Приготовления,False,False
2026-09-28,MaxMarket,4bac8c7a-a5a9-4166-a9d9-9cbe6b161bde,ЛБП Мастер Кан 7 пряных перцев 95г,410.0,Лапша Быстрого Приготовления,False,False
2026-09-28,MaxMarket,57130763-d0f0-4bfe-8803-82ae794f03c9,ЛБП Роллтон по-домашнему гов.остр.лот. 90гр,405.0,Лапша Быстрого Приготовления,False,False
2026-09-28,MaxMarket,68be78ff-61c9-409a-9093-fcd801a5322e,ЛБП Big Bon томатный с базиликом 75г,225.0,Лапша Быстрого Приготовления,False,False
2026-09-28,MaxMarket,80ec8cbe-fefc-4563-a2b4-328281814387,ЛБП BigBon острая говядина 75г,225.0,Лапша Быстрого Приготовления,False,False
2026-09-28,MaxMarket,22d26d56-c4fa-41f7-8fb1-ecc590957c0e,ЛБП Doshirak Чан Рамен Cheese 120г,755.0,Лапша Быстрого Приготовления,False,False
2026-09-28,MaxMarket,f36688e8-1917-46cd-adc5-494c0bd9f6c1,ЛБП Роллтон со вкусом говядины 60гр,150.0,Лапша Быстрого Приготовления,False,False
2026-09-28,MaxMarket,44c8c8b6-4c9d-451d-8eeb-0cd00eadf4d7,ЛБП Роллтон по-домашнему остр.кур. 85гр,240.0,Лапша Быстрого Приготовления,False,False
2026-09-28,MaxMarket,d8f9936b-d3e2-485f-a913-dc17181ccfa0,ЛБП Роллтон по-домашнему с говядиной 85г,230.0,Лапша Быстрого Приготовления,False,False
2026-09-28,MaxMarket,6382583f-ee64-4905-8962-e7fea097beba,ЛБП Ролтон по-домашнему острая говядина 85г,240.0,Лапша Быстрого Приготовления,False,False
2026-09-28,MaxMarket,56f82c2f-fd18-4db0-b215-e426870c7eec,Чай Piala Gold черный Кения 25шт,625.0,Чай,False,False
2026-09-28,MaxMarket,69a7aa2c-36e5-4597-9fd9-2838b6d48c09,Чай Tess Pleasure черный 100г,1005.0,Чай,False,False
2026-09-28,MaxMarket,d8ba647c-5df1-4b35-995b-4e286ee73f9b,Шоколад MacChocolate раств. 20г,130.0,Чай,False,False
2026-09-28,MaxMarket,807bcb29-edd2-4e95-8a28-e461ba4649e0,Чай Ahmad Tea Классический 100гр,890.0,Чай,False,False
2026-09-28,MaxMarket,b26f44ef-67fd-462a-ac33-563c2c1d6f22,Чай Tess Lime зелен. 100гр,1315.0,Чай,False,False
2026-09-28,MaxMarket,ddfd1679-0de5-4684-96a7-6352d890c469,Чай Lipton мята пирамидки 20шт,990.0,Чай,False,False
2026-09-28,MaxMarket,d83be246-b947-4a66-aa84-5cc024e35f7a,Чай Piala Gold черн. вечерний 25шт пакет.,635.0,Чай,False,False
2026-09-28,MaxMarket,e76dcce5-829a-4ca6-846b-943f5326c74a,*Кофе MacCoffee 3в1,110.0,Кофе,False,False
2026-09-28,MaxMarket,40d6489b-86b5-443e-8889-f2dde7016d94,Кофе Jacobs 3в1 карамель латте 12.5гр,130.0,Кофе,False,False
2026-09-28,MaxMarket,1f83537d-3610-4297-a41e-9799beda1d1e,Кофе Jacobs Monarch 3 в 1 лес.орех 15гр,145.0,Кофе,False,False
2026-09-28,MaxMarket,f9e0d1de-50b0-42b7-b217-4ae83aa54853,Чай Mac Tea 3в1/18г,125.0,Кофе,False,False
2026-09-28,MaxMarket,af228894-a530-43b1-a7b5-67586f448d1a,Напиток Maccoffee milk coffee drink 240мл ж/б,820.0,Кофе,False,False
2026-09-28,MaxMarket,7e7426da-05d3-4642-83a3-1ec27fadcbdc,Кофе Якобс 3 в 1 Карамель Латте 17 гр,230.0,Кофе,False,False
2026-09-28,MaxMarket,b914fc4a-fe01-4fef-96d2-58c9e6a4a917,Кофе раств. Jacobs Monarch сублим. 47.5г,2400.0,Кофе,False,False
2026-09-28,MaxMarket,b87c9f8f-a5ad-4629-8364-7706668c0898,Кофе Jacobs Monarch 3 в 1 карамель 15гр,150.0,Кофе,False,False
2026-09-28,MaxMarket,44dc1e3f-31ca-4a79-b981-1dffb161617b,Кофе Принц лебо Арабика,1530.0,Кофе,False,False
2026-09-28,MaxMarket,87b81475-1321-4f70-b284-e04ee1fbc6e8,Кофе Jacobs 3 в 1 каппучино 12.5гр,130.0,Кофе,False,False
2026-09-28,MaxMarket,24c67c39-4906-413b-88de-52f63f4a951e,Кофе Jacobs iced latte salted caramel 21.3гр,285.0,Кофе,False,False
2026-09-28,MaxMarket,67b57960-8b4f-472d-b7aa-1ba7d8ea3a5e,Кофе Jacobs Monarch 130гр,6155.0,Кофе,False,False
2026-09-28,MaxMarket,4407ad45-149b-4588-9d22-ae2360b729ea,Кофе Жокей для турки 200г мяг/уп,3630.0,Кофе,False,False
2026-09-28,MaxMarket,a2db3d17-930d-4dc6-b7e6-9e86d90518c9,"Кофе Якобс 3 в 1 Каппучино 17,5 гр",230.0,Кофе,False,False
2026-09-28,MaxMarket,1db92464-cedc-4b95-885f-4ec0e45bfcea,Кофе Jacobs milka/cappucсino 3в1 18г,280.0,Кофе,False,False
2026-09-28,MaxMarket,a5bc5638-2ee1-4d3a-a374-2e19a7d4c124,Кофе раств. Jacobs Monarch сублим. 75г,3625.0,Кофе,False,False
2026-09-28,MaxMarket,d3b5473e-9dcd-4101-bd77-16110ad11451,Чай Mac tea малина 18г,125.0,Кофе,False,False
2026-09-28,MaxMarket,d09f9cb3-20bb-490b-b26d-946de363b30e,Какао BabyFox быстрораств. 135г,710.0,Кофе,False,False
2026-09-28,MaxMarket,065b5070-c080-4a8e-85fb-57f1d06a6ce9,Кофе Jacobs Monarch 220гр,8340.0,Кофе,False,False
2026-09-28,MaxMarket,8f902604-621b-4b96-acfb-23589fa87c91,Кофе раств. Jacobs Monarch сублим. 500г,16355.0,Кофе,False,False
2026-09-28,MaxMarket,1fe69621-707d-488a-a632-38a2f5a23670,*Мука Дани-Нан 2кг,1360.0,Мука,False,False
2026-09-28,MaxMarket,541a2195-270d-429e-b3aa-461e7cc6ad3b,Мука Дани-нан в/с 3кг,2105.0,Мука,False,False
2026-09-28,MaxMarket,0cceecbb-21b8-413a-98de-bbb005e9702c,Мука Царь в/с 2кг,1160.0,Мука,False,False
2026-09-28,MaxMarket,2fcae8e5-02a9-44cc-8a25-7b1ba973674c,Мука Makfa обогощенная 2кг,1150.0,Мука,False,False
2026-09-28,MaxMarket,a3fca359-2b13-4337-9b70-62b9eb5bc34e,Мука Дани-нан в/с 5кг,3510.0,Мука,False,False
2026-09-28,MaxMarket,c100e518-5005-4bd7-8145-20732cfd1b72,Огурцы Aydinov маринованые 1л,950.0,Овощные консервы,False,False
2026-09-28,MaxMarket,d36edc38-221e-4489-9742-a0b9174066d5,Огурцы маринованные 3 желания 720мл,1390.0,Овощные консервы,False,False
2026-09-28,MaxMarket,65f44fa1-f0c7-4e23-ba80-7b5d158131e7,Кукуруза Bonduelle молодая 425г,1290.0,Овощные консервы,False,False
2026-09-28,MaxMarket,2387d5df-f02c-4274-af3c-bb047fd716a3,Кукуруза 3 желания 340гр,850.0,Овощные консервы,False,False
2026-09-28,MaxMarket,c1d77c8a-b03a-4746-84eb-036d90f0a665,Горошек Bonduelle зеленый 212г ж/б,795.0,Овощные консервы,False,False
2026-09-28,MaxMarket,07b603fb-ca11-457e-86a3-668628d3cdeb,Корнишоны Bonduelle маринованные 580мл ст/б,1865.0,Овощные консервы,False,False
2026-09-28,MaxMarket,d96f81c3-ba46-4165-976c-fbe95017dac9,Фасоль красная Bonduelle ж/б 400г,1220.0,Овощные консервы,False,False
2026-09-28,MaxMarket,a5b183a4-f7ea-4fdb-908f-b689abd05859,Икра Marinelle кабачковая нежная 500мл ст/б,1495.0,Овощные консервы,False,False
2026-09-28,MaxMarket,be1ae48b-8baa-48cd-a38b-7e7f568efcd6,Кукуруза Bonduelle сладкая 425мл,1435.0,Овощные консервы,False,False
2026-09-28,MaxMarket,dad4341c-20cd-4a4a-ab36-342e0d0f3857,Огурцы маринов.Bonduelle 720мл,1975.0,Овощные консервы,False,False
2026-09-28,MaxMarket,9786a1a0-3710-46be-9ffb-030e9d0df34c,Перец Yakamoz халапеньо 350мл,1895.0,Овощные консервы,False,False
2026-09-28,MaxMarket,6b33af19-3e4e-462b-a418-2a6888e74c52,Горошек зеленый 3 желания 350гр,840.0,Овощные консервы,False,False
2026-09-28,MaxMarket,3a29d491-558e-4047-b151-1af455348fac,Закусочка Дядя Ваня по-тоскански 460г ст/б,1610.0,Овощные консервы,False,False
2026-09-28,MaxMarket,b0d7201f-eae1-428c-8439-3ccbfa67bdf5,Икра Marinelle баклажановая нежная 500мл ст/б,1495.0,Овощные консервы,False,False
2026-09-28,MaxMarket,36367f3b-1e8c-4a00-84c1-b8fb4ce74302,Маслины Bonduelle без косточки 300г,1290.0,Овощные консервы,False,False
2026-09-28,MaxMarket,3e94674e-9da5-429c-873c-2508c465c16d,Огурцы Marinelle деликатесные 1л 9-12см,1620.0,Овощные консервы,False,False
2026-09-28,MaxMarket,87f8b7e6-3216-4264-92a4-1503bc7069e7,Горошек зеленый Дядя Ваня консервированый 400г,860.0,Овощные консервы,False,False
2026-09-28,MaxMarket,301612ef-d32e-4608-83c1-58e2e721efb0,Кукуруза Дядя Ваня консервированная 425мл,895.0,Овощные консервы,False,False
2026-09-28,MaxMarket,b5e5a480-d034-48a6-8ff5-4499159fbba7,Оливки Bonduelle без косточки 300г,1745.0,Овощные консервы,False,False
2026-09-28,MaxMarket,7a1f737c-90d3-4a55-8c26-0f5c3404460b,Горошек зеленый Bonduelle нежный 425мл,1205.0,Овощные консервы,False,False
2026-09-28,MaxMarket,79fb11f1-b699-4864-82f3-8afc7ff9e3df,Фасоль Дядя Ваня печеная по-домашнему 480г ст/б,1590.0,Овощные консервы,False,False
2026-09-28,MaxMarket,992a15cb-3afa-44ca-8796-314b2c7d6fd7,Горошек Globus зелен.245г,895.0,Овощные консервы,False,False
2026-09-28,MaxMarket,87407b7c-7bdf-482a-8526-88d44d84957f,Грибы Вешенки домашние маринованые 1л,2040.0,Овощные консервы,False,False
2026-09-28,MaxMarket,6c6dec1b-fd5b-4453-8a37-27636b2244d5,Оливки Bonduelle с косточкой 300г,1530.0,Овощные консервы,False,False
2026-09-28,MaxMarket,0d2648c2-e46f-4265-bda4-1e6fd73a19a2,Лечо Дядя Ваня Закарпатское 680мл,1665.0,Овощные консервы,False,False
2026-09-28,MaxMarket,c0a43481-3aaf-4c5a-b2c5-0dfbd2043a80,Перец Yakamoz острый 720мл,2830.0,Овощные консервы,False,False
2026-09-28,MaxMarket,eb65bcc2-f6d1-43a7-874e-d89921911af4,Паштет Hame с индейкой 75гр,620.0,Мясные консервы,False,False
2026-09-28,MaxMarket,e770c521-eb59-4f55-b874-5a23a538b90b,Говядина Улан тушеная 1/с 325г ж/б,1285.0,Мясные консервы,False,False
2026-09-28,MaxMarket,829c7513-38af-4348-941e-4c570f1cb3ac,Говядина Кублей Premium тушеная в/с 325г,2230.0,Мясные консервы,False,False
2026-09-28,MaxMarket,49672814-267d-413d-b1c1-6297d2479121,Казы Кублей с ключом 325гр,2095.0,Мясные консервы,False,False
2026-09-28,MaxMarket,6c260cf0-4dab-41a1-a9e0-e7c4ed8a368e,Говядина Улан новин. тушеная 325гр,1850.0,Мясные консервы,False,False
2026-09-28,MaxMarket,7c76a6c3-51e5-47f2-95f2-5f75c4bb8d97,Каша перлов. с говяд. Кублей 325гр,930.0,Мясные консервы,False,False
2026-09-28,MaxMarket,4636d7e0-f244-41f2-b3a7-b65426baeb60,Конина Улан тушеная 325гр,1505.0,Мясные консервы,False,False
2026-09-28,MaxMarket,17243d3e-44b9-4320-9605-cf488c4b3ae1,Паштет Hame из мяса птицы с паприкой 130гр,780.0,Мясные консервы,False,False
2026-09-28,MaxMarket,12a3e5f2-b899-446b-ab13-818b802068f3,Сельдь Кублей в масле 240гр,1095.0,Рыбные Консервы,False,False
2026-09-28,MaxMarket,64e72ec7-11d5-4834-a03d-33b227e00b2f,Сайра Барс копченая в масле 190гр,2545.0,Рыбные Консервы,False,False
2026-09-28,MaxMarket,a0635292-e557-427a-91d0-56a4bca36429,Килька За родину в томат.соусе 240г,1070.0,Рыбные Консервы,False,False
2026-09-28,MaxMarket,8aa43183-2f56-487b-b040-f8b26218a26f,Скумбрия За Родину в томат.соусе 185г,1635.0,Рыбные Консервы,False,False
2026-09-28,MaxMarket,52684ce2-2ba4-4c14-8889-92d0fcbb3197,Шпроты За Родину в масле 160г,1620.0,Рыбные Консервы,False,False
2026-09-28,MaxMarket,1909670b-a333-485e-9f34-36523e9ac093,Сельдь Барс атлантическая в томат.соусе 250гр,1510.0,Рыбные Консервы,False,False
2026-09-28,MaxMarket,31453612-20e3-478f-add7-1a7ca423a65c,Шпроты За Родину в масле 175г,1935.0,Рыбные Консервы,False,False
2026-09-28,MaxMarket,b2bd0a8e-4633-4e26-92c1-8cbec660bbda,Шампиньоны Bonduelle маринованные 350мл,1395.0,Грибные консервы,False,False
2026-09-28,MaxMarket,b30649bc-8074-42dd-bc68-b85b5b1b67f1,Оливки Bonduelle б/косточки 212мл,1215.0,"Оливки, маслины, каперсы",False,False
2026-09-28,MaxMarket,fdc1f403-51ba-494a-ad6b-01aaf473caa8,Оливки Bonduelle Мансанилья с анчоусом 314мл,1820.0,"Оливки, маслины, каперсы",False,False
2026-09-28,MaxMarket,295d1b0b-c009-4824-b90b-807308b27125,Оливки Bonduelle Мансанилья с лимоном 314мл,1820.0,"Оливки, маслины, каперсы",False,False
2026-09-28,MaxMarket,f9d4ee71-bd7a-4f53-a1b4-ba9461c8eb54,Маслины ITLV черные без косточки 370мл,1970.0,"Оливки, маслины, каперсы",False,False
2026-09-28,MaxMarket,515a0a18-c1a0-466d-bd00-c50b2c955a8b,Макароны Makfa спагетти 400гр,635.0,Макароны и лапша,False,False
2026-09-28,MaxMarket,99763f64-37af-4dd6-8144-171a66919190,Макароны Makfa перья 400гр,635.0,Макароны и лапша,False,False
2026-09-28,MaxMarket,05e98302-f765-40ed-85e8-d634abe0489d,Макароны Makfa спиральки 400гр,635.0,Макароны и лапша,False,False
2026-09-28,MaxMarket,9452c637-87bc-4489-b94c-84274ed53f2c,Паста Barilla Spaghetti 450гр,1025.0,Макароны и лапша,False,False
2026-09-28,MaxMarket,43ed61c9-98d9-45aa-af95-ee1343cbd820,Макароны Султан бугатини 400гр,680.0,Макароны и лапша,False,False
2026-09-28,MaxMarket,c09eacc8-4418-4a45-b492-8db47b730893,Макароны Султан соломка 400гр,680.0,Макароны и лапша,False,False
2026-09-28,MaxMarket,81badcd7-cd11-4043-87f9-39df77949e2a,Макароны Султан колесики 400гр,680.0,Макароны и лапша,False,False
2026-09-28,MaxMarket,d43a4ae9-2a66-4402-b900-b5a818e633bd,Макароны Султан Ракушки 400гр,605.0,Макароны и лапша,False,False
2026-09-28,MaxMarket,b32ebf6c-6149-4c20-9b8e-169f3b30ff3a,Жайма Апатай в/с 300гр,610.0,Макароны и лапша,False,False
2026-09-28,MaxMarket,24580b61-223f-4ae2-9521-9fe94f15ebe0,Макароны Султан бантики 400г,720.0,Макароны и лапша,False,False
2026-09-28,MaxMarket,db5c0f68-42e0-47c8-849c-420bb1fd391a,Хлопья Nesquik Mix шарики 225гр,2240.0,Сухие Завтраки,False,False
2026-09-28,MaxMarket,7ba54a1f-e75a-427d-bd62-b403fb29a092,Хлопья Nesquik Duo 460гр,4000.0,Сухие Завтраки,False,False
2026-09-28,MaxMarket,228c445d-a818-4917-bc95-9fb2883fb9af,Хлопья Nesquik шоколадные шарики 460гр,4000.0,Сухие Завтраки,False,False
2026-09-28,MaxMarket,92b2f936-43e2-44ea-95ca-c665252ee71c,Хлопья Хрутка шоколадные шарики 460гр,2245.0,Сухие Завтраки,False,False
2026-09-28,MaxMarket,e532492f-6dcb-46b0-80dc-b6e76bd50d94,Рис Вип круглозерный 800г,1020.0,Крупы,False,False
2026-09-28,MaxMarket,b1ae5aba-a710-4b65-b908-b80e7b608c35,Каша Быстров овсяная слив/ малина 240г,1480.0,Крупы,False,False
2026-09-28,MaxMarket,1c354eeb-6033-4e3e-9a41-59af82299f3f,Рис Увелка длиннозерный обработанный паром 800г,1635.0,Крупы,False,False
2026-09-28,MaxMarket,87e35400-be8d-4c89-8775-1d131565b171,Каша Быстров овсяная 5 злаков мед/орехи 240г,1580.0,Крупы,False,False
2026-09-28,MaxMarket,ad3b81bf-4d0a-44ca-8256-22e8d5fd0fe7,Рис Makfa круглозерный шлиф. 800г,1630.0,Крупы,False,False
2026-09-28,MaxMarket,7703619b-3285-48fa-bd6b-f5817c61bb42,Каша овсяная Увелка клуб/сливки 200г,1065.0,Крупы,False,False
2026-09-28,MaxMarket,4fe10784-f668-4fb4-a6a3-a5ee291cb4ca,*Масло подсолнечное Шедевр 1л.,1170.0,Подсолнечное масло,False,False
2026-09-28,MaxMarket,7e8eecb4-115a-41df-87a6-0b2775a5e944,Масло подсолнечное IDEAL 1л,1340.0,Масла растительные,False,False
2026-09-28,MaxMarket,c7b8abd1-01d1-4cad-abf1-e4bb55ae8297,Масло подсолнечное Олейна 5л,6755.0,Масла растительные,False,False
2026-09-28,MaxMarket,c9ea1f19-b91d-4dce-ae7e-78f1bdd5bef1,Масло подсолнечное Шедевр 5л,6110.0,Масла растительные,False,False
2026-09-28,MaxMarket,d47d9d6c-5ccb-41de-9517-c2a20394b16a,Томатная паста Цин-Каз 220г ст/б,760.0,Кетчуп,False,False
2026-09-28,MaxMarket,eb34a3ba-ada3-4c48-84e1-4a8cd7e40aa8,Кетчуп 3 Желания казахстанский 250г,610.0,Кетчуп,False,False
2026-09-28,MaxMarket,03dfd3be-2a0c-4d92-a00c-dacd71009116,Томатная паста Цин-Каз жб 198г,565.0,Кетчуп,False,False
2026-09-28,MaxMarket,8e29c040-91f3-4abf-aa92-0c41f9bfd650,Кетчуп 3 Желания классический 250г,610.0,Кетчуп,False,False
2026-09-28,MaxMarket,c1e776f5-65a3-45b6-90d6-ef4aa7c1c364,Аджика Цин-каз 210гр,720.0,Кетчуп,False,False
2026-09-28,MaxMarket,aa1506fe-dca0-48b8-947f-729547acaaf6,Томатная паста Цин-каз 525гр ст/б,1315.0,Кетчуп,False,False
2026-09-28,MaxMarket,1bdf852e-8dba-4958-b808-79f1c07e61f9,Томатная паста Цин-каз ст/б 370 г,1025.0,Соусы,False,False
2026-09-28,MaxMarket,576b0386-16ae-4e78-94bf-2e0997c1d410,"Соевый соус Мастер кан 0,5л",820.0,Соусы,False,False
2026-09-28,MaxMarket,c13453ba-e37b-467b-a22c-250fc76584a0,Сироп Barbados Ананас 1л,2810.0,"Сиропы, топпинги",False,False
2026-09-28,MaxMarket,92b844e0-ff77-4104-8d8f-87a27d39067f,Сахар песок вес.,600.0,Специи и пряности,False,False
2026-09-28,MaxMarket,9eb463f5-a511-476e-b06b-43affccab1d9,Соль Илецкая 1кг,115.0,Специи и пряности,False,False
2026-09-28,MaxMarket,4a2b4866-1637-4382-bfb4-a998f635a322,Сода пищевая 500г,375.0,Специи и пряности,False,False
2026-09-28,MaxMarket,2c628a3a-fa29-47c3-9a6b-3953d543e05f,Лимонная кислота Royal Food 15г,95.0,Специи и пряности,False,False
2026-09-28,MaxMarket,8d4e8e8d-ba47-428d-bbaa-32aef719d197,Дрожжи Royal Food сухие 10г,105.0,Специи и пряности,False,False
2026-09-28,MaxMarket,dc62c21f-e25c-4888-a2b7-a806bbf15487,Бульон Роллтон говяж. вкус 100гр,260.0,Специи и пряности,False,False
2026-09-28,MaxMarket,d1881640-827e-43f0-9abc-ef19b273ba8c,Бульон Роллтон куриный вкус 100г,260.0,Специи и пряности,False,False
2026-09-28,MaxMarket,7c9232d7-02bb-4ff0-82ac-a90faedb79c0,Приправыч Приправа паприка молотая 10гр,115.0,Специи и пряности,False,False
2026-09-28,MaxMarket,8723a00e-df44-4b65-812e-d97074910ae0,Разрыхлитель теста Royal Food 15г,90.0,Специи и пряности,False,False
2026-09-28,MaxMarket,d1d66a71-874c-4e0a-9c60-0209ed0a608c,Приправа Maggi универсал. с кусочками овощей 200г,740.0,Специи и пряности,False,False
2026-09-28,MaxMarket,845f17e8-1d38-428b-82c7-5f99d36906fc,Кисель Royal Food гранат 170г,300.0,Специи и пряности,False,False
2026-09-28,MaxMarket,39f8d1ac-bcb2-4799-be32-d146884b576a,Поиправыч Зира 10гр,285.0,Специи и пряности,False,False
2026-09-28,MaxMarket,c88f4e68-0f76-4a58-befe-b464be9b3475,Желатин RF 15г,255.0,Специи и пряности,False,False
2026-09-28,MaxMarket,3247de3e-517b-4c4b-ac83-e4b89335a221,Мускатный орех Royal food 15г,165.0,Специи и пряности,False,False
2026-09-28,MaxMarket,65e1a40a-5ff6-40ff-9d12-f2e0c609965e,Бульон Maggi по-домашнему с курицей 70г,315.0,Специи и пряности,False,False
2026-09-28,MaxMarket,97577ef1-81d5-44b1-b29f-4b7abc2f827e,Кубик Бульон Магги на косточке 9г,45.0,Специи и пряности,False,False
2026-09-28,MaxMarket,820c25c7-fa66-488d-a6a6-d150e15bafd9,Бульон Gallina Blanca говяд. куб. 10г,45.0,Специи и пряности,False,False
2026-09-28,MaxMarket,a0662d94-31c1-43e5-bd6a-9a9914ad69f2,Приправа Royal food для фунчозы 20г,110.0,Специи и пряности,False,False
2026-09-28,MaxMarket,4c2eff92-3a8d-40a6-9a51-35b81c627fd0,Приправыч Приправа для окорочков 15гр,180.0,Специи и пряности,False,False
2026-09-28,MaxMarket,987ae20e-d0df-4a97-9916-81c3e9230b61,Приправа Приправыч для жаркого 15г,170.0,Специи и пряности,False,False
2026-09-28,MaxMarket,ff245ca9-090a-42be-ad41-020892d3a2a1,Форма для куличей большая,125.0,Специи и пряности,False,False
2026-09-28,MaxMarket,c7eb898f-1b9f-47dc-9f12-359e1a125992,Приправа Приправыч д/посола красной рыбы 15г,180.0,Специи и пряности,False,False
2026-09-28,MaxMarket,effacde2-646b-4260-b990-30aa94191292,Ванильный сахар Приправыч 25г,130.0,Специи и пряности,False,False
2026-09-28,MaxMarket,8b22f862-2c38-4020-a631-d9ef70f2bfb9,Приправыч Приправа для рыбы 15гр,165.0,Специи и пряности,False,False
2026-09-28,MaxMarket,ab5a074b-016b-43c6-9189-4ea70d8b2416,Приправа Royal food для пельменей 20г,100.0,Специи и пряности,False,False
2026-09-28,MaxMarket,83b46132-a1dc-4645-a357-19e65d2c0c30,Royal Лавровый лист 30гр,460.0,Специи и пряности,False,False
2026-09-28,MaxMarket,6d495c79-d5d2-44ef-ae01-b625fbe840b3,Приправыч Приправа для шашлыка 15гр,180.0,Специи и пряности,False,False
2026-09-28,MaxMarket,1bb005d1-44bb-4757-8364-ac4a81f04197,Гвоздика Royal Food 15г,315.0,Специи и пряности,False,False
2026-09-28,MaxMarket,53ed9fb8-3433-4eef-a76b-75c3bf4567d1,Royal Приправа для блюд из рыбы 20гр,125.0,Специи и пряности,False,False
2026-09-28,MaxMarket,b1af6f12-d866-4945-8934-c2d5e4c463b8,Приправыч Мускатный орех дробленный 10гр,215.0,Специи и пряности,False,False
2026-09-28,MaxMarket,674cbbd7-866e-4d2c-8042-4cec07885b0f,Куркума Royal Food молотая 15г,130.0,Специи и пряности,False,False
2026-09-28,MaxMarket,74b7887a-4b65-4f9a-8ee8-764317ca7994,Кисель Royal Food ассорти 170г,300.0,Специи и пряности,False,False
2026-09-28,MaxMarket,6b9d08e8-a470-43d1-b8f2-6580447e3669,Кисель Royal Food ежевика 170г,300.0,Специи и пряности,False,False
2026-09-28,MaxMarket,26870306-d852-4abe-87cd-64d344e28059,Приправа Royal Food для борща 30г,125.0,Специи и пряности,False,False
2026-09-28,MaxMarket,76ced56d-50e4-40c6-ade5-451feb47017f,Кориандр Royal Food целый 15г,70.0,Специи и пряности,False,False
2026-09-28,MaxMarket,8ff09cc1-3b27-4c77-a75f-7e3896988881,Приправа Приправыч для цыпленка табака 15г,180.0,Специи и пряности,False,False
2026-09-28,MaxMarket,cd5ee4cc-7956-43ef-bfc6-21b41466861b,Приправа Maggi на второе для сочного цыпленка табака 47г,670.0,Специи и пряности,False,False
2026-09-28,MaxMarket,16e45cba-9f22-4871-9bb6-b94f2cd68582,Смесь Maggi на второе для курицы паприка 34г,670.0,Специи и пряности,False,False
2026-09-28,MaxMarket,ebe534c3-d358-4ea0-946b-4406bd32f4b9,Приправыч Приправа для борща 15гр,215.0,Специи и пряности,False,False
2026-09-28,MaxMarket,d974e75a-e106-4c7f-8a4c-24c82762cf59,Фруктоза Novasweet 250г,1135.0,Специи и пряности,False,False
2026-09-28,MaxMarket,5146d47d-8e6f-4fe2-b820-cebb755bbcda,Приправа Vegeta универсальная 75г,415.0,Специи и пряности,False,False
2026-09-28,MaxMarket,b7a82781-7d5d-4d43-b2ee-cabb74608283,Лавровый лист Приправыч 20г,550.0,Специи и пряности,False,False
2026-09-28,MaxMarket,ffb25a3e-53c1-4131-87d1-431b8fb6dbfa,Петрушка Приправыч сушеная 30г,565.0,Специи и пряности,False,False
2026-09-28,MaxMarket,b4bf451a-1e07-4bdb-9e77-1db3902b8f68,Приправа Приправыч Смесь болгарских перцев 50г,835.0,Специи и пряности,False,False
2026-09-28,MaxMarket,dd4fcefa-b791-442a-915a-a5ad25d11d95,Кубик Бульон Магги Куриный 9г,45.0,Специи и пряности,False,False
2026-09-28,MaxMarket,e9650687-d43b-4bd2-8e06-0c61e2188499,Приправа Royal Food для окорочков 20г,105.0,Специи и пряности,False,False
2026-09-28,MaxMarket,d6f7a0ce-ebeb-48d9-be54-a3f39a3b9fc2,Форма для куличей средняя,105.0,Специи и пряности,False,False
2026-09-28,MaxMarket,25f781af-6d92-40a2-85ac-4197f535d21b,Приправа Приправыч для гриля 15г,190.0,Специи и пряности,False,False
2026-09-28,MaxMarket,641b18da-077e-4886-a6ff-ccef78b7d015,Кунжут Royal черный 15г,170.0,Специи и пряности,False,False
2026-09-28,MaxMarket,86a74f14-55a8-4a86-bddd-f2297ff8e73a,Приправа Royal Food смесь горчицы 15г,85.0,Специи и пряности,False,False
2026-09-28,MaxMarket,3fc58a78-520a-4f21-bd7d-93b9eb29a473,Кисель Royal Food клубника 170г,300.0,Специи и пряности,False,False
2026-09-28,MaxMarket,596458d6-f747-4143-9b6e-f0715d03cb17,Приправа Royal Food зел.лук 10г,140.0,Специи и пряности,False,False
2026-09-28,MaxMarket,1b5e996f-7290-48e3-8a35-b86cb551aa55,Приправа Gallina Blanca для куриных ножек с аром.чесноком 36г,530.0,Специи и пряности,False,False
2026-09-28,MaxMarket,056affe3-54ca-4582-846c-4a35fd6b5f92,Сахар рафинад Naturel 750 ГР,780.0,Специи и пряности,False,False
2026-09-28,MaxMarket,9f375123-730b-4194-bdc8-0781b6b70b92,Влажные салфетки Мама Знает 15шт,330.0,Влажные салфетки,False,False
2026-09-28,MaxMarket,1c7ad8cb-b8e4-4bcc-b484-3b57b7f4d808,Туалетная бумага Самал,140.0,Для ванной и туалетов,False,False
2026-09-28,MaxMarket,7bbeace8-166c-4e89-a902-d5af139ead29,Чист.ср-во Mr.proper д/полов и стен океанская свежесть 500мл,1060.0,Для ванной и туалетов,False,False
2026-09-28,MaxMarket,fd837bdb-142d-4edb-9c90-011d0bed0c4e,Туалетная бумага Народная шт,150.0,Для ванной и туалетов,False,False
2026-09-28,MaxMarket,46f8126e-dff2-4d78-8588-0676c3a48355,Т/Б Papia bali flow. 3-х слой. 8рул/уп,2390.0,Для ванной и туалетов,False,False
2026-09-28,MaxMarket,28a3c104-5e39-4be9-8bd5-888999233c0f,Чистящ.средство Azelit для плиты 600мл,1680.0,Для ванной и туалетов,False,False
2026-09-28,MaxMarket,ab38054f-6078-4292-b047-dfa2715e3f9b,Ароматизатор Grass Flesh 400мл,1585.0,Для ванной и туалетов,False,False
2026-09-28,MaxMarket,279f5a83-b160-445d-b35a-bf523721e02c,Крем CIF Ультра белый 500мл,1695.0,Для ванной и туалетов,False,False
2026-09-28,MaxMarket,1f314e42-9c2f-4b1d-ba67-0da85d7ba24b,Чист.ср-во Mr.proper лаванда 1.5л,2385.0,Для ванной и туалетов,False,False
2026-09-28,MaxMarket,a40da1b9-562d-4a7a-a4f3-e771a8a6a360,Средство для мытья пола Mr.Proper лимон 1л,1825.0,Для ванной и туалетов,False,False
2026-09-28,MaxMarket,d12b792f-2b87-47bc-9988-b084cd57c1e4,Чистящее ср-во Azelit для казана 600мл,1655.0,Для ванной и туалетов,False,False
2026-09-28,MaxMarket,18227d75-f917-463f-aa19-4937335b45e9,Чист.ср-во Mr.proper д/полов и стен береж.уборка 500мл,1130.0,Для ванной и туалетов,False,False
2026-09-28,MaxMarket,05f0325c-4b62-40a6-a60f-52f5238e9a22,Ароматизатор Grass Harmony 400мл,1890.0,Для ванной и туалетов,False,False
2026-09-28,MaxMarket,94cc5621-1a64-4fa2-85bc-b70b1c3e15b0,Крем Cif Актив лимон 500мл.,1695.0,Для ванной и туалетов,False,False
2026-09-28,MaxMarket,33f8762f-7b5e-4c29-a81f-369b76c9db1f,Чист. средство Mr.proper д/полов и стен лавандовое спокойствие 1л,1825.0,Для ванной и туалетов,False,False
2026-09-28,MaxMarket,021d43dc-3197-4e72-969f-5b8f7fd16516,Чист.ср-во Mr.proper д/полов и стен лимон 500мл,1130.0,Для ванной и туалетов,False,False
2026-09-28,MaxMarket,8ced9581-81f2-4816-8576-f2f2918372d2,Средство для мытья пола Mr.Proper Горный ручей 1л,1825.0,Для ванной и туалетов,False,False
2026-09-28,MaxMarket,9415fe79-2441-4b53-a1e8-7ee839e19ef8,Порошок Ariel автомат Color 450гр,995.0,Порошки и гели,False,False
2026-09-28,MaxMarket,fa079aa5-d8ec-4cc7-a87a-2cd437b53222,Порошок Миф автомат мороз.свеж. 400гр,590.0,Порошки и гели,False,False
2026-09-28,MaxMarket,97dd1e58-980b-41d7-be73-0363a12a17df,Порошок Миф для ручн.стирки мороз. свеж. 400гр,850.0,Порошки и гели,False,False
2026-09-28,MaxMarket,260e8b72-deb8-45f6-9ef5-566f5cc8b3f4,Порошок Миф морозная свежесть автомат 2кг,2415.0,Порошки и гели,False,False
2026-09-28,MaxMarket,a84c28a3-869f-499b-8ceb-a367b8a88d32,Порошок Миф авт. Свежий цвет 1кг,1235.0,Порошки и гели,False,False
2026-09-28,MaxMarket,eca34d96-4926-4e31-9c9b-5c7170334a54,Порошок Миф мороз. свеж. ручная стирка 1.8кг,2160.0,Порошки и гели,False,False
2026-09-28,MaxMarket,40a6959e-22b3-4a7e-afb7-e1bf84ce1235,Самса Tez-Tez с курицей 1шт,305.0,Выпечка,False,False
2026-09-28,MaxMarket,e9851d1c-4885-4b75-a3b5-4a469101dbd1,Сосиска JB в дрожжевом тесте 1шт,360.0,Выпечка,False,False
2026-09-28,MaxMarket,e30572ae-c04b-47a0-a6a1-31f81469aa4b,Самса Tez-Tez Говядина 1шт,355.0,Выпечка,False,False
2026-09-28,MaxMarket,50fb2479-74c2-415b-8a4d-9f1f4337cd7a,Пирожок Tez-Tez с картофелем 1шт,345.0,Выпечка,False,False
2026-09-28,MaxMarket,f753fb4f-6437-4008-ae88-e23331132de8,Самса Tez-Tez с мясо/тыква 1шт,305.0,Выпечка,False,False
2026-09-28,MaxMarket,58d1cfcc-47da-49eb-ae3e-a12903109e68,"Лимонад Borjomi тархун 0,5л ст/б",1225.0,Газированные Напитки,False,False
2026-09-28,MaxMarket,fbe69cf9-a756-4a63-b359-8c3991844080,"Лимонад Borjomi мандарин 0,33л ж/б",865.0,Газированные Напитки,False,False
2026-09-28,MaxMarket,ff1ccd47-1b11-4d36-bb80-0852298316e0,"Лимонад Borjomi цитрус 0,5л ст/б",1225.0,Газированные Напитки,False,False
2026-09-28,MaxMarket,3d40aa28-68ac-4025-9290-c904246af8d1,*Напиток Pepsi 2л,905.0,Газированные Напитки,False,False
2026-09-28,MaxMarket,c32dc6cd-bc56-4277-b693-4b32987779be,*Напиток Pepsi 1л,755.0,Газированные Напитки,False,False
2026-09-28,MaxMarket,86bdf683-580f-48d4-b08d-a33f3d7dba51,*Напиток Pepsi 1.5л,805.0,Газированные Напитки,False,False
2026-09-28,MaxMarket,54a13faa-c970-446d-af5b-10f15c8bd0c0,*Напиток Fanta orange 1л,745.0,Газированные Напитки,False,False
2026-09-28,MaxMarket,b391e7dc-b994-4b59-a0fa-d525caecb0e0,Напиток Pepsi 0.5л,550.0,Газированные Напитки,False,False
2026-09-28,MaxMarket,5ad88f30-cec2-4779-a16b-274feb5ce71e,Лимонад Буратино Визит 1.5л,740.0,Газированные Напитки,False,False
2026-09-28,MaxMarket,0c1ffbb2-6037-4d11-af3b-cf14b6f6bebc,Напиток Sprite 1л,765.0,Газированные Напитки,False,False
2026-09-28,MaxMarket,a880297a-c33f-42ff-bf12-33b865b09495,*Напиток Fanta orange 2л,1025.0,Газированные Напитки,False,False
2026-09-28,MaxMarket,32dc8696-6e48-4912-a579-6c76089fa0b7,"Напиток Fanta апельсин 0,45л ж/б",535.0,Газированные Напитки,False,False
2026-09-28,MaxMarket,07fe6706-6cc0-4353-91e4-3f1ff723eb7e,Лимонад Златояр буратино 0.5л,450.0,Газированные Напитки,False,False
2026-09-28,MaxMarket,953ff785-6929-4ab7-b2e8-27d93b1051fb,Мохито Mango&Mint 0.45л,530.0,Газированные Напитки,False,False
2026-09-28,MaxMarket,4792c820-17f4-4967-a27e-6b7d4f646b65,"Лимонад Holiday 1,5л",880.0,Газированные Напитки,False,False
2026-09-28,MaxMarket,87e9b3f8-bb39-435e-809b-8ad1c4cb3fa6,"Лимонад Borjomi груша 0,5л ст/б",1225.0,Газированные Напитки,False,False
2026-09-28,MaxMarket,06f586a9-571d-4e1f-b505-665623d94db6,Витамин C Riksamin 250мл ж/б,415.0,Газированные Напитки,False,False
2026-09-28,MaxMarket,26e11069-3e16-4d12-8fcf-5cd4192f29f0,Лимонад Holiday 2л,995.0,Газированные Напитки,False,False
2026-09-28,MaxMarket,6081f097-1b82-438a-a0be-78a6541bbef5,Напиток Ascania груша 0.5л ст/б,625.0,Газированные Напитки,False,False
2026-09-28,MaxMarket,1e6945dc-1eae-4e51-9b92-ba71e2d9d067,Лимонад Holiday Тархун 1л,705.0,Газированные Напитки,False,False
2026-09-28,MaxMarket,d68e0155-3c07-4809-8321-473057ad238e,"Лимонад Borjomi груша 0,33л ж/б",865.0,Газированные Напитки,False,False
2026-09-28,MaxMarket,0e47cb91-f2a0-4c09-90a7-978a53e457d5,Напиток Pepsi 0.45л ж/б,555.0,Газированные Напитки,False,False
2026-09-28,MaxMarket,e51b8799-21db-4072-a5e4-986772dd8ebc,Лимонад Holiday 1л,705.0,Газированные Напитки,False,False
2026-09-28,MaxMarket,8dbfdced-ad2f-40c0-9653-d266156151b6,Напиток Fanta апельсин 0.5л,530.0,Газированные Напитки,False,False
2026-09-28,MaxMarket,705ce547-f509-4c25-9925-2cb1f65d909e,Лимонад Златояр тархун ст/б 0.5л,530.0,Газированные Напитки,False,False
2026-09-28,MaxMarket,e244e147-d49b-4704-a7cb-716976c2ce31,Лимонад Holiday 2.5л,1125.0,Газированные Напитки,False,False
2026-09-28,MaxMarket,051eee5f-6a28-4bca-9ba4-c6217f6b442b,"Лимонад Borjomi тархун 0,33л ж/б",865.0,Газированные Напитки,False,False
2026-09-28,MaxMarket,11da77ff-eb0f-4e9c-8d9d-50e488805f90,Напиток Визит Тархун 1.5л,745.0,Газированные Напитки,False,False
2026-09-28,MaxMarket,2b900fa6-7712-4071-9734-66e73facd9dc,Лимонад Златояр дюшес 0.5л,530.0,Газированные Напитки,False,False
2026-09-28,MaxMarket,3d3d0dba-04f3-498f-927e-d868fc711fea,Напиток Sprite б/алк. 2л,1060.0,Газированные Напитки,False,False
2026-09-28,MaxMarket,7fa37ef5-92a8-4b8d-b815-8fad842e0efb,"Лимонад Borjomi цитрус 0,33л ж/б",865.0,Газированные Напитки,False,False
2026-09-28,MaxMarket,5214489d-e78d-4856-aceb-eefe2617c740,"Лимонад Златояр ст/б 0,5л",450.0,Газированные Напитки,False,False
2026-09-28,MaxMarket,f4fc0abe-934d-437e-9d34-e6ffad754d79,Напиток 7up с/газ. 1л,785.0,Газированные Напитки,False,False
2026-09-28,MaxMarket,369517a2-e0a4-4af4-86f4-a5e90a262962,Лимонад Holiday гранат 1л,705.0,Газированные Напитки,False,False
2026-09-28,MaxMarket,7d7fe9e2-45c6-4662-ae9e-c96f30727413,"Лимонад Borjomi мандарин 0,5 ст/б",1225.0,Газированные Напитки,False,False
2026-09-28,MaxMarket,50061ffa-3c9d-429b-a8cd-ec7560cfb732,Лимонад Буратино Визит 1л,605.0,Газированные Напитки,False,False
2026-09-28,MaxMarket,9ce13458-6e7f-49cf-9154-c11b2e0df87e,Лимонад Holiday Тархун 1.5л,905.0,Газированные Напитки,False,False
2026-09-28,MaxMarket,526a8f1b-0ccb-4584-8bc8-29e92be340b5,"Лимонад Holiday 0,5л",530.0,Газированные Напитки,False,False
2026-09-28,MaxMarket,8a94e3bb-b5ea-464a-bcb8-fb297cff14fe,Лимонад LeGracio Blood Pomegranate 0.45л ж/б,625.0,Газированные Напитки,False,False
2026-09-28,MaxMarket,e5951779-cff7-498c-a5f7-d2be394cf8d3,Лимонад Златояр Байкал 0.5л ст/б.,530.0,Газированные Напитки,False,False
2026-09-28,MaxMarket,0e58a414-7f5f-4ce2-9c23-be3b83e66b51,Напиток Mirinda 1л,785.0,Газированные Напитки,False,False
2026-09-28,MaxMarket,d51d3bd1-9d85-4789-831b-3d29f42578e9,*Вода Сарыагаш Алекс с/г 1.5л,475.0,Холодные чаи и кофе,False,False
2026-09-28,MaxMarket,a197b82d-5aba-45c4-b9f7-6898c0ff7ccd,*Чай Lipton зеленый пэт. 1л,715.0,Холодные чаи и кофе,False,False
2026-09-28,MaxMarket,1175056f-3aca-4fee-8326-ba7efb315e65,"*Чай Fuse Tea манго-ромашка 1,5л",830.0,Холодные чаи и кофе,False,False
2026-09-28,MaxMarket,0b430050-a2e4-4958-a6b7-f747a771628c,*Чай FuseTea манго/ананас 1л,710.0,Холодные чаи и кофе,False,False
2026-09-28,MaxMarket,62e530cf-09ca-4476-b263-2bff53898761,*MaxiЧай Персик 1.2л,705.0,Холодные чаи и кофе,False,False
2026-09-28,MaxMarket,def21cd1-4fb5-4013-a2fb-60405a8c0d3c,"*Чай Fuse Tea манго-ананас 1,5л",830.0,Холодные чаи и кофе,False,False
2026-09-28,MaxMarket,57cc44d4-eccd-4fd3-bf88-f2d7f9defe38,Чай Fuse Tea чер. лес.ягоды 1л,710.0,Холодные чаи и кофе,False,False
2026-09-28,MaxMarket,db39f8da-5e51-4c40-aa10-8a12faa7afe7,MaxiЧай Лайм/Мята 1.2л,720.0,Холодные чаи и кофе,False,False
2026-09-28,MaxMarket,61dacf04-8d95-4e57-a0da-9ca6f29896ba,MaxiЧай черный ЛИМОН 1.2л,720.0,Холодные чаи и кофе,False,False
2026-09-28,MaxMarket,6d9c6a9a-462c-4b74-b802-f8bc073b8640,*Чай FuseTea персик 1л,685.0,Холодные чаи и кофе,False,False
2026-09-28,MaxMarket,76ba19f7-be79-40a9-bf7d-9f0d64dbf232,Чай Fuse Tea зел. манго-ромашка 0.5л,475.0,Холодные чаи и кофе,False,False
2026-09-28,MaxMarket,0a3dd2fb-9dfb-45ea-924d-ccf816852c52,Чай Tassay Персик 1л,645.0,Холодные чаи и кофе,False,False
2026-09-28,MaxMarket,3e54600b-b02b-48b7-bd73-dfa6e027fd72,*Maxi чай зеленый лимон 2л,1095.0,Холодные чаи и кофе,False,False
2026-09-28,MaxMarket,6fcd656d-704b-4941-8b4a-e373c0f1aefe,Чай Tassay зеленый Ананас/Маракуйя 1л,645.0,Холодные чаи и кофе,False,False
2026-09-28,MaxMarket,c4367353-faac-49ca-83cb-a5d5d8e11f87,Сок Piko Pulpy апельс./мяк. 0.5л,675.0,Холодные чаи и кофе,False,False
2026-09-28,MaxMarket,24eda1b6-2d2e-4bc2-a1b9-2fbd8987e1e8,Чай Lipton Персик 1л пэт,765.0,Холодные чаи и кофе,False,False
2026-09-28,MaxMarket,aa9f9519-5e97-4ea8-8e22-20faaf83484b,"Напиток Garden груша 1,2л",720.0,Холодные чаи и кофе,False,False
2026-09-28,MaxMarket,1e18486d-f748-481c-86cb-8a2181463f39,Чай FuseTea персик 1.5л,775.0,Холодные чаи и кофе,False,False
2026-09-28,MaxMarket,6046d644-3f34-42c8-8439-65b2fed786f4,Чай Fuse Tea чер. персик 0.5л,475.0,Холодные чаи и кофе,False,False
2026-09-28,MaxMarket,3e643b93-8029-4359-bb9b-c7ad91465773,Чай FuseTea клубника/дыня 1л,710.0,Холодные чаи и кофе,False,False
2026-09-28,MaxMarket,1b904859-064c-4154-b0d2-622f9bc82b81,Чай Fuse Tea чер. лес.ягода 0.5л,475.0,Холодные чаи и кофе,False,False
2026-09-28,MaxMarket,817e81b6-92ae-4834-8189-d6d3c30d080d,Чай Fuse Tea чер. манго-ананас 0.5л,475.0,Холодные чаи и кофе,False,False
2026-09-28,MaxMarket,8427700a-1bb3-41c0-a7bd-f5ccf431a85e,Напиток Ice Coffee Latte 250мл ж/б,825.0,Холодные чаи и кофе,False,False
2026-09-28,MaxMarket,30aa9302-5e36-458a-baf5-a110cdbe8fba,Чай Tassay черный манго-ананас 1л,645.0,Холодные чаи и кофе,False,False
2026-09-28,MaxMarket,c4b32e65-ffc8-41a4-bf51-2914e9c7f190,Напиток Ice Coffee Cappuccino 250мл ж/б,825.0,Холодные чаи и кофе,False,False
2026-09-28,MaxMarket,8a791d71-b268-41ca-a3f9-93d506494d68,Напиток Garden гранат 1.2л,720.0,Холодные чаи и кофе,False,False
2026-09-28,MaxMarket,71523c09-1000-4541-8f01-d33bb9633527,Чай Lipton Малина 1л пэт,765.0,Холодные чаи и кофе,False,False
2026-09-28,MaxMarket,3e57911f-8124-4928-b871-93a37184d147,Чай Tassay Лесные ягоды 1л,645.0,Холодные чаи и кофе,False,False
2026-09-28,MaxMarket,5b711069-763b-4890-9802-6a4a812c434c,"Напиток Garden вишня 1,2л",720.0,Холодные чаи и кофе,False,False
2026-09-28,MaxMarket,171b0559-fd0c-4832-983c-7f86c777303d,"*Чай Fuse Tea лимон 1,5л",805.0,Холодные чаи и кофе,False,False
2026-09-28,MaxMarket,04e05ea6-1e7d-4a7c-bb50-1c1fd155fe75,Разливной квас,330.0,Квас и комбуча,False,False
2026-09-28,MaxMarket,c48f1e19-8d5b-4fb2-8af3-4d1f60afaf98,*Энергетик Dizzy Energy 0.33л ст/б,510.0,Энeргетические нaпитки,False,False
2026-09-28,MaxMarket,be072f99-d957-43b8-9027-da6c1310bc9e,*Энергетик Gorilla классик 0.45л ж/б,635.0,Энeргетические нaпитки,False,False
2026-09-28,MaxMarket,1ea11dd3-0d6f-4594-bafc-f479a8582c97,*Энергетик Red bull 0.25л,1005.0,Энeргетические нaпитки,False,False
2026-09-28,MaxMarket,62f71f75-b244-407c-8e35-24dc0bb948db,*Энергетик Gorilla манго/кокос 0.45л ж/б,660.0,Энeргетические нaпитки,False,False
2026-09-28,MaxMarket,66bbebf5-9542-4444-8824-a47844190265,*Энергетик Red bull 0.473л,1770.0,Энeргетические нaпитки,False,False
2026-09-28,MaxMarket,7128200d-899d-4664-9999-6cf69b3eeebb,Энергетик Monster Zero Ultra 0.5л ж/б,1005.0,Энeргетические нaпитки,False,False
2026-09-28,MaxMarket,1d7d9881-9f8a-4179-a724-f3f500b9b982,*Энергетик Red bull 0.355л,1445.0,Энeргетические нaпитки,False,False
2026-09-28,MaxMarket,fa8a5c22-df34-4d8a-8c28-b05bf07c7015,Энергетик Dizzy Extreme 0.33л ст/б,590.0,Энeргетические нaпитки,False,False
2026-09-28,MaxMarket,5bcfb44b-59a0-402d-abff-1614e8f50a97,Энергетик Red bull sugar free 0.25л,1035.0,Энeргетические нaпитки,False,False
2026-09-28,MaxMarket,fbf0f454-57a1-4171-a49f-966b2d520c48,"Энергетик Monster Mango Loco 0,5л ж/б",1005.0,Энeргетические нaпитки,False,False
2026-09-28,MaxMarket,ace6f37e-1639-4402-9240-c4e2aacaadf4,"Энергетик Monster Пайплайн панч 0,5л ж/б",1020.0,Энeргетические нaпитки,False,False
2026-09-28,MaxMarket,d8b7f476-0980-4dbd-a33c-e2d375d8278e,Энергетик Tassay Energy Granat 0.45л ж/б,645.0,Энeргетические нaпитки,False,False
2026-09-28,MaxMarket,ea6b71e4-39d7-49f7-b523-7533b74da9cf,Энергетик Borjomi вишня 240мл,890.0,Энeргетические нaпитки,False,False
2026-09-28,MaxMarket,7cbad4bd-a9c4-4b81-8663-19f8310e713d,Энергетик Monster Energy 0.5л ж/б,1095.0,Энeргетические нaпитки,False,False
2026-09-28,MaxMarket,869fe282-407b-46be-9d57-46f83efdcb44,Энергетик T.G.R. Force Energy Original,460.0,Энeргетические нaпитки,False,False
2026-09-28,MaxMarket,02be75d5-1473-4537-b0f2-7c4abf8b93be,"Энергетик Lit Energy Classik 0,45л",740.0,Энeргетические нaпитки,False,False
2026-09-28,MaxMarket,f92b4ae0-a415-4b16-ba92-818fa718a32a,Энергетик Borjomi яблоко/фейхоа 240мл,890.0,Энeргетические нaпитки,False,False
2026-09-28,MaxMarket,25ab7438-baa3-4987-8589-eb445533a249,Энергетик Flash up Ultra 0.45л ж/б,610.0,Энeргетические нaпитки,False,False
2026-09-28,MaxMarket,785905d1-b336-47a7-a055-9fb90f4d98ae,Энергетик Borjomi оригинал 240мл,890.0,Энeргетические нaпитки,False,False
2026-09-28,MaxMarket,03857cd4-d498-471b-a1bd-c0ea9b68acb5,"Сок Gracio тропик 0,9л",1165.0,Соки,False,False
2026-09-28,MaxMarket,2f3e702a-7b99-49ed-9527-c331afd2d349,"Сок Gracio вишня 0,95л",1165.0,Соки,False,False
2026-09-28,MaxMarket,7b1c452f-43d4-4260-a5e1-caa29caa80cd,"Сок Фруктовый Сад апельсин/мандарин/манго 0,95 л",795.0,Соки,False,False
2026-09-28,MaxMarket,b672cf8b-dc2e-43f4-a11f-1ec7b9e64166,Сок Gracio зеленое яблоко тетр/пак 1л,1165.0,Соки,False,False
2026-09-28,MaxMarket,5a278988-7ba4-4bde-8191-13df6d2d2cfa,Сок Фруктовый Сад яблоко осветлен. нектар 0.95л,855.0,Соки,False,False
2026-09-28,MaxMarket,12b38ca6-525c-4d1c-afdb-25723d035132,Сок DaDa тропик тетр/пак 1л,965.0,Соки,False,False
2026-09-28,MaxMarket,09fb0aee-b25e-44f5-8ea2-756928654b68,"Сок Фруктовый Сад персик-яблоко 0,95л",855.0,Соки,False,False
2026-09-28,MaxMarket,5e0224e0-8af1-48ff-8188-c57a4055b6bf,Сок Piko томат 1л,955.0,Соки,False,False
2026-09-28,MaxMarket,90d4d65b-292c-4af0-b07b-1203c0a86a23,Сок Piko яблоко тетра./пак. 0.2л,355.0,Соки,False,False
2026-09-28,MaxMarket,9b1c7e8a-03ba-496e-bdae-091c74883ad0,"Сок Фруктовый Сад персик-яблоко 1,9л",1655.0,Соки,False,False
2026-09-28,MaxMarket,964ddd4b-47df-4835-8e2f-f4b89c0acb75,Сок DaDa мультиягоды тетр/пак 1л,965.0,Соки,False,False
2026-09-28,MaxMarket,53f08d91-9f28-4cd8-983d-8091f24ecb49,"Сок Фруктовый Сад яблоко 1,9л",1655.0,Соки,False,False
2026-09-28,MaxMarket,83cc2a1f-5245-418e-b5a6-8a2d7d3a9483,Сок Gracio апельсин тетр/пак 1л,1360.0,Соки,False,False
2026-09-28,MaxMarket,db52c734-001a-4ad9-9218-6afaf5fdba05,Сок DaDa яблоко тетр/пак 1л,965.0,Соки,False,False
2026-09-28,MaxMarket,831935d5-4809-4349-827d-449d0f0bb165,Сок Gracio томат 1л,1165.0,Соки,False,False
2026-09-28,MaxMarket,07db3446-4bb8-4d47-b668-759110f728f8,Напиток Daily Fresh Mango с мякотью 1л,985.0,Напитки сокосодержащие,False,False
2026-09-28,MaxMarket,7d0e31a7-9672-4025-95ab-0405b889aa7f,*Вода минеральная Borjomi 1.25л пэт,1185.0,Столовая питьевая,False,False
2026-09-28,MaxMarket,54b7d875-36fa-49f7-9ea1-718ce4435cea,Вода минеральная Borjomi 0.33л ст/бут.,910.0,Столовая питьевая,False,False
2026-09-28,MaxMarket,0d0e264c-0256-44d3-94eb-0b6a26a53ded,Вода минеральная Borjomi 0.75л пэт,895.0,Столовая питьевая,False,False
2026-09-28,MaxMarket,fc37558b-1faf-4962-a072-88383f1fc489,*Вода Tassay б/г 5л,880.0,Столовая питьевая,False,False
2026-09-28,MaxMarket,11642671-b844-412a-b330-5bb13e9374a5,*Вода минеральная Borjomi 0.5л ст/бут.,890.0,Столовая питьевая,False,False
2026-09-28,MaxMarket,d5ebd8a5-8805-4cba-a168-9729560b99a4,Вода АсемАй с/г 1л,450.0,Столовая питьевая,False,False
2026-09-28,MaxMarket,2fa4a092-25a5-43ba-bb2c-19aeac42245d,Вода ASU б/г 1.5л,530.0,Столовая питьевая,False,False
2026-09-28,MaxMarket,3e88c9d7-9c3b-4574-a947-313b0f316b1c,Вода ASU лимон б/г 1л,510.0,Столовая питьевая,False,False
2026-09-28,MaxMarket,f6849711-df89-4478-aa2a-2e33b8ea9f28,Вода минеральная Borjomi с/г 0.33л ж/б,570.0,Столовая питьевая,False,False
2026-09-28,MaxMarket,320b2330-5842-4eda-9c80-10d56dd8f8fe,Вода ASU б/г 5 л,825.0,Столовая питьевая,False,False
2026-09-28,MaxMarket,c13f2a2c-7ad9-4b3b-a6aa-ff0dcd909896,Вода Tassay с/г 1л,530.0,Столовая питьевая,False,False
2026-09-28,MaxMarket,9d033217-cc68-461f-95f8-8d64403b2de2,Вода Hydrolife с/г 1л,275.0,Столовая питьевая,False,False
2026-09-28,MaxMarket,a9073f68-3cef-417e-a205-5fe34cf83584,Вода Tassay с/г 1.5л,645.0,Столовая питьевая,False,False
2026-09-28,MaxMarket,816904a9-6029-4f15-b756-01d30885f080,Вода ASU б/г 1л,455.0,Столовая питьевая,False,False
2026-09-28,MaxMarket,00eac331-b7e8-4029-ac7d-231c90a78c45,Вода ASU б/г 8л,1130.0,Столовая питьевая,False,False
2026-09-28,MaxMarket,ea7e5756-1201-4d14-ba0a-d12b2772518e,Вода ASU c/г 1л,450.0,Столовая питьевая,False,False
2026-09-28,MaxMarket,6cc88685-c680-439e-966a-f483fcd21a8c,Вода ASU б/г 0.5л,320.0,Столовая питьевая,False,False
2026-09-28,MaxMarket,886aad06-e3b3-49dd-8274-cd12451aabda,Вода минеральная Borjomi 1л пэт,1120.0,Столовая питьевая,False,False
2026-09-28,MaxMarket,5c3577c9-dcf5-4fbb-8532-30e7f2ba4b1e,Вода минеральная Borjomi 0.5л пэт,640.0,Столовая питьевая,False,False
2026-09-28,MaxMarket,bc604032-0169-4a2c-a593-b7ed35816a68,"Вода ASU лимон б/г 0,5л",355.0,Столовая питьевая,False,False
2026-09-28,MaxMarket,e738f608-29df-477b-a9a0-5fead2607bd7,Багет JB Альпийский 1шт,555.0,Классический,False,False
2026-09-28,MaxMarket,9d209a30-7822-4e57-a1fe-9372aea57a58,*Хлеб белый (Булка),140.0,Классический,False,False
2026-09-28,MaxMarket,cae60690-ef31-44a8-8069-fcaa3b85a2e7,Багет JB Чесночный 1шт,775.0,Классический,False,False
2026-09-28,MaxMarket,93bf96fb-4069-4db5-a6f3-a8fafcc64e9f,Багет JB Модерн 1шт,680.0,Классический,False,False
2026-09-28,MaxMarket,b03301db-f605-46a8-91b7-6b24d6e7f025,Хлеб Harrys пшеничный с отрубями тост 515г,1010.0,Для бургеров и сэндвичей,False,False
2026-09-28,MaxMarket,3b872fbb-9674-4d25-99eb-26f6c4be587d,*Лепешка с кунжутом мал-я,190.0,Лаваш и лепешки,False,False
2026-09-28,MaxMarket,25025e2a-cbc9-4853-b183-5befdc8c96cd,Булочки Русский бисквит вареная сгущенка 350гр,1335.0,Булочки и кексы,False,False
2026-09-28,MaxMarket,a522d821-9231-45c9-8ab9-fde7c42014d6,Булочки Русский бисквит шоколад 350гр,1335.0,Булочки и кексы,False,False
2026-09-28,MaxMarket,e1860f95-eeb2-4b7b-9d3b-3f34db838701,Пирожок Tez-Tez с капустой 1шт,345.0,"Пирожки, самса",False,False
2026-09-28,MaxMarket,83f350e0-3eaf-4537-879a-ab1cd9e899bf,"Зубная Паста ""splat"" Здоровые Десны 100 Мл",1815.0,Зубная паста,False,False
2026-09-28,MaxMarket,addfc923-731d-4abc-9e39-ad94ea042fb5,Colgate зубная паста макс фреш Нежная мята 100мл,2005.0,Зубная паста,False,False
2026-09-28,MaxMarket,d6f79a3d-5012-4de6-92b6-b0038457bd6d,Parodontax зубная паста без фтора 75 мл,2450.0,Зубная паста,False,False
2026-09-28,MaxMarket,5b9fc0c8-0a74-4a8e-a59d-a50e8fbdad36,"Colgate, Зубная Паста Colgate 100Мл Витаминный Заряд, шт, ШК: 6920354832833",1905.0,Зубная паста,False,False
2026-09-28,MaxMarket,2df1e01e-680a-4f5f-a33f-9d955196936f,Зубная паста &quot;Colgate&quot; Доктор заяц со вкусом клубники 66г,2005.0,Зубная паста,False,False
2026-09-28,MaxMarket,2a79107d-1026-4bf3-acc1-0c865fc29894,Зубная паста Sensodyne комплексная защита 75мл,2450.0,Зубная паста,False,False
2026-09-28,MaxMarket,25de3022-fa9a-414a-9452-eb0683c1b569,Зуб.паста Colgate Тройное Действие 100мл,1095.0,Зубные щетки и аксессуары,False,False
2026-09-28,MaxMarket,de663a92-8aa1-4677-af3d-b6dd3ff61e7f,Зуб.паста Colgate тройное действие 150мл,1365.0,Зубные щетки и аксессуары,False,False
2026-09-28,MaxMarket,b9f0791b-cbb2-4529-9712-6df58d672d8a,Дезодорант Axe Black Fresh 150мл,1910.0,Зубные щетки и аксессуары,False,False
2026-09-28,MaxMarket,cf2c4b73-0f1c-418e-9239-6350072b6a79,Дезодорант Rexona Невидимая 150мл,2045.0,Дезодоранты и антиперспиранты,False,False
2026-09-28,MaxMarket,ba277f52-e9e4-4e6a-952b-beab102e864f,Гель д/душа Solzao Peach Beach Персик 400мл,2750.0,"Гели, муссы для душа",False,False
2026-09-28,MaxMarket,e0669471-02cf-4f8d-8e43-42fa8101a567,OLD SPICE ГЕЛЬ ДЛЯ ДУША + ШАМПУНЬ WOLFTHORN 400МЛ,1950.0,"Гели, муссы для душа",False,False
2026-09-28,MaxMarket,8da13da7-b523-426c-8c05-9cd3865cc8e6,Жидкость д/фумигатора Raid защита от насек. 30 ночей 21.9мл,955.0,"Гели, муссы для душа",False,False
2026-09-28,MaxMarket,027b97cf-3cfa-4619-91f3-590aae87699e,Гель д/душа Solzao Amazonia In da city Лайм 400мл,2750.0,"Гели, муссы для душа",False,False
2026-09-28,MaxMarket,7467b2e6-be79-4573-bed9-b1577424b34a,Гель д/душа Old Spice Captain 3в1 250мл,1695.0,"Гели, муссы для душа",False,False
2026-09-28,MaxMarket,d9d6b327-64c7-4ed4-9cc3-3475d715f09d,Ватные Палочки Бэлла №160 Пласт.упак.,950.0,Ватные диски и палочки,False,False
2026-09-28,MaxMarket,b1b73ba1-97d0-4b16-bf43-8eb4518eaf63,Шампунь Pantene интенсивное восстановление 3в1 360мл,2615.0,Шампуни,False,False
2026-09-28,MaxMarket,f3856467-722f-40ef-98ea-25b84ff35c99,Шампунь Clear Men ментол 180мл,1740.0,Шампуни,False,False
2026-09-28,MaxMarket,541ce8a9-58c8-463c-a84d-6ae5edb00aa4,Шампунь Pantene Pro-v блестящие и шелковистые 3в1 360мл,2435.0,Шампуни,False,False
2026-09-28,MaxMarket,1f0547f9-80bb-4aa3-9a8d-bbed00b1c0ab,Краска для волос Garnier №3 темный каштан,2000.0,Шампуни,False,False
2026-09-28,MaxMarket,7a3ba338-437d-463c-b8e2-4a3b27a2a77b,Шампунь Wella Объем надолго 500мл,2140.0,Шампуни,False,False
2026-09-28,MaxMarket,163ebe85-2faa-43a9-a40d-43a48df8b181,Шампунь Wella яркий цвет 500мл,2530.0,Шампуни,False,False
2026-09-28,MaxMarket,4464e47b-c841-4254-9cac-fc3b79268077,Шампунь CLEAR Men активспорт с ментолом 380мл,2775.0,Шампуни,False,False
2026-09-28,MaxMarket,2d344bb0-3a8b-4c8f-9461-a74347787e70,Бальзам Wella Чистое сияние 500мл,2435.0,"Бальзамы, кондиционеры, маски",False,False
2026-09-28,MaxMarket,7a799ac3-f462-4888-8658-d781bcfcf3cd,Бальзам Herbal Essences Аромат Кокоса 250мл,2160.0,"Бальзамы, кондиционеры, маски",False,False
2026-09-28,MaxMarket,73425ed2-10b9-4e03-860d-39d023c2c50a,Прокладки Eva ночные 10шт,1130.0,Прокладки и тампоны,False,False
2026-09-28,MaxMarket,9f93eb6c-d496-4b31-97fc-cc9bfb9fb987,Прокладки Eva дневные 12шт,1130.0,Прокладки и тампоны,False,False
2026-09-28,MaxMarket,bb10b489-80c3-48e2-a134-ed029a4d853d,Прокл. гигиен. Kotex Natural normal 8шт,815.0,Прокладки и тампоны,False,False
2026-09-28,MaxMarket,d8f80f5a-7d12-42e8-bdce-6dcf98518cd6,Ежедневки Eva гигиенические 30шт,1130.0,Прокладки и тампоны,False,False
2026-09-28,MaxMarket,e64a7df2-78fd-4deb-b1a9-44efaffea1f9,Проклад.гиг. Naturella classic макси 7шт/уп,800.0,Прокладки и тампоны,False,False
2026-09-28,MaxMarket,a562fee4-1e36-4a2c-aa06-a0060f5ea4cf,Проклад.гиг. Always Ultra Normal Plus 10шт/уп,1065.0,Прокладки и тампоны,False,False
2026-09-28,MaxMarket,b9391a7d-a46d-4db8-8e94-3781c6387259,Прокладки Always Ultra / Day&Night 7шт,1110.0,Прокладки и тампоны,False,False
2026-09-28,MaxMarket,db042b19-aaae-4b2a-ba20-a7edcc61364b,Прокладки Naturella нормал 10шт,940.0,Прокладки и тампоны,False,False
2026-09-28,MaxMarket,cfbaaf38-39e1-45a9-aebb-e3eb9d064570,Проклад.гиг. Always Ultra Super Plus single 8шт/уп,1110.0,Прокладки и тампоны,False,False
2026-09-28,MaxMarket,f45c9fa6-b94a-472f-b13b-810cc4bfee09,Прокладки Naturella макси 8шт,935.0,Прокладки и тампоны,False,False
2026-09-28,MaxMarket,a81b70ac-4f0d-41fd-99ed-949021365346,Проклад.гиг. Naturella classic нормал 9шт/уп,805.0,Прокладки и тампоны,False,False
2026-09-28,MaxMarket,6199ab4e-ed42-4aa6-9812-497563e7cae4,Ежедневные Прокладки Deo Normal 20шт Kotex,1965.0,Прокладки и тампоны,False,False
2026-09-28,MaxMarket,041d96c0-b3c7-4a80-b96e-e6749caba9aa,Прокл. гигиен. Kotex Ultra normal 10шт,990.0,Прокладки и тампоны,False,False
2026-09-28,MaxMarket,b1199a71-d715-4b1f-afce-5bf14849c3a1,Прокладки Libresse Invisible Нормал 10шт (розовые),1090.0,Прокладки и тампоны,False,False
2026-09-28,MaxMarket,8a827b2d-73b1-4ed5-9d61-f9cb1a06a34c,Масло President сливочное 82% 180г,1625.0,"Масло сливочное, топленое",False,False
2026-09-28,MaxMarket,dfa97b81-ee03-428b-995c-5a130555a6f3,"Сливочное масло Брест-Литовск 82,5% 180гр",1785.0,"Масло сливочное, топленое",False,False
2026-09-28,MaxMarket,d46b78d1-c3da-4aae-8083-ad99462f1d44,Масло President сливочное 82% 125г,1740.0,"Масло сливочное, топленое",False,False
2026-09-28,MaxMarket,4bb7c2fb-70f2-4b44-a36f-882c010f3ad3,Сливочное масло Пастушье 72.5% 180гр,490.0,"Масло сливочное, топленое",False,False
2026-09-28,MaxMarket,99aff0ed-a680-4be4-b70c-603ebaaf1e3e,Масло Простоквашино сливочное 82% 180гр,2985.0,"Масло сливочное, топленое",False,False
2026-09-28,MaxMarket,92f6d35c-6c9b-4696-8fd8-0e2a6396da7c,*Масло President сливочное 82% 400г,5375.0,"Масло сливочное, топленое",False,False
2026-09-28,MaxMarket,22b12a26-7291-4ec6-b138-47ae8071c888,*Яйца Шымкент Кус C1 10шт/уп,900.0,Яйцо,False,False
2026-09-28,MaxMarket,1a111b4e-9b02-44d0-9bed-5a7c4dae64c0,Яйца Деревенские 15шт (контейнер),1280.0,Яйцо,False,False
2026-09-28,MaxMarket,46742d94-4ec7-488a-a83f-40ddb93a5eb9,*Яйца Шымкент Кус С1 10шт/уп (контейнер),910.0,Яйцо,False,False
2026-09-28,MaxMarket,a2f4a583-57d0-4f28-9965-c3bd2119472a,*Молоко Lactel 2.5% 1л,895.0,Молоко,False,False
2026-09-28,MaxMarket,d03bb697-2cae-44e9-86a4-bbcf9e8e05a2,*Молоко Lactel пастеризованное 3.2% 1л,1020.0,Молоко,False,False
2026-09-28,MaxMarket,5a95d82d-e784-4799-9bfe-e950bc3c1949,Молоко Мое 3.2% 1л,985.0,Молоко,False,False
2026-09-28,MaxMarket,0d40b84b-2433-4e4f-9e7c-1e219c12c1c8,"Молоко Шадринское конц. 7,1% 0,5л",1490.0,Молоко,False,False
2026-09-28,MaxMarket,c9844841-0df1-4fa9-8ad3-a23abedb7de1,Молоко Мое 2.5% 1л,905.0,Молоко,False,False
2026-09-28,MaxMarket,40b8ae2b-afa0-4bab-9a4c-94d01ac39c1f,"Коктейль молочный Чудо клубника 2% 0,2л",545.0,Молоко,False,False
2026-09-28,MaxMarket,db58f4e2-9972-4c85-bfdf-4c5739def140,Молоко сгущенное 3 желания с сахаром 270г дойпак,920.0,Молоко,False,False
2026-09-28,MaxMarket,08419a65-abfa-43f6-bbf0-057e1e1b141e,Молоко домик в деревне 2.5% 950мл,1440.0,Молоко,False,False
2026-09-28,MaxMarket,4c13d47a-3bb6-4a3d-b4fc-54605fe5cb3c,Молоко Простоквашино 3.2% 950мл,1710.0,Молоко,False,False
2026-09-28,MaxMarket,fc2ffb23-e3a7-47aa-ba79-25d1bd1ab77b,"Молоко Бурненское 6,0% 1л м/у",755.0,Молоко,False,False
2026-09-28,MaxMarket,9e7c1159-32b6-4142-8133-be3d4a86bfbb,Молоко сгущенное 3 желания цельное 380г,1175.0,Молоко,False,False
2026-09-28,MaxMarket,d761aa1d-275c-4dc2-8588-189082986379,"Молоко Бурненское 3,2% м/у",725.0,Молоко,False,False
2026-09-28,MaxMarket,818af77e-9a2f-4c32-9588-025a4282fe2d,Молоко Простоквашино 1.5% 950мл,1495.0,Молоко,False,False
2026-09-28,MaxMarket,65c66be0-01be-4187-8f0c-7d4e2520ae6d,"Молоко Бурненское 2,5% 1л м/у",700.0,Молоко,False,False
2026-09-28,MaxMarket,b506714f-831f-4cee-9a7e-94a14260a6a5,Коктейль молочный Чудо шоколад 960мл,1670.0,Молоко,False,False
2026-09-28,MaxMarket,4465f421-cc37-4c54-bae0-9b8c7f1e1244,Молоко Шадринское 6% 950мл,2070.0,Молоко,False,False
2026-09-28,MaxMarket,ea2b2b5a-d9f1-4371-b382-c1f06f8abf7b,"Молоко Петропавловское 6% 0,9л",785.0,Молоко,False,False
2026-09-28,MaxMarket,91866ced-de26-4d7b-a2a3-96f2331d87cb,Молоко Домик в деревне 3.2% 950мл,1560.0,Молоко,False,False
2026-09-28,MaxMarket,c4855b42-40ed-4ba9-bf6a-33b2640fa781,Молоко Простоквашино 2.5% 950мл,1610.0,Молоко,False,False
2026-09-28,MaxMarket,158a7a46-e716-4a0d-8e61-8ca25a69ca5a,*Молоко Петропавловское 3.2% 0.9л,685.0,Молоко,False,False
2026-09-28,MaxMarket,28001d59-d086-49e9-a7f6-1528b9b3dd80,"*Молоко петропавловское 2,5% 0.9л",605.0,Молоко,False,False
2026-09-28,MaxMarket,88ecfcde-2435-41b4-9a98-a5b00099eb14,Сливки Домик в деревне 10% 0.2л,875.0,Сливки,False,False
2026-09-28,MaxMarket,be929996-7a33-4ad5-ae35-f382ba92b110,Сливки Домик в деревне 20% 0.2л,1120.0,Сливки,False,False
2026-09-28,MaxMarket,a1f25539-54d1-4905-80d8-41f52b471fa2,Сливки President 11% 0.5л,1665.0,Сливки,False,False
2026-09-28,MaxMarket,50e13690-875f-48ce-b8c6-e3f88c62cdfd,Сливки Петропавловские 15% 250 мл,490.0,Сливки,False,False
2026-09-28,MaxMarket,e369b8f9-287d-4ef1-b03b-a3ad692358e8,Сливки Петропавловские 10% 500мл,1255.0,Сливки,False,False
2026-09-28,MaxMarket,65a19a5e-4f2e-492b-ba8a-24aa6c4992cf,Сливки Петропавловские 10% 250мл,630.0,Сливки,False,False
2026-09-28,MaxMarket,ef39d1b4-f5aa-4323-95f1-ec8e8af4e91f,Тандем 1.2% 1л,660.0,Кефир и кисломолочные,False,False
2026-09-28,MaxMarket,73b7148d-ed0d-4cec-ac47-30c1c78f1ab0,Кымыз Акбастау 1л,2405.0,Кефир и кисломолочные,False,False
2026-09-28,MaxMarket,4bbf133e-5436-47b1-81cb-a9221a7653b9,Кымыран Акбастау 1л,2405.0,Кефир и кисломолочные,False,False
2026-09-28,MaxMarket,c819f675-2622-4985-9da9-cec84ea03718,Сыр Hochland творож.сливочн. 140гр,1235.0,"Творожный, сливочный",False,False
2026-09-28,MaxMarket,c068cda1-0969-43ce-a743-19abf4aa6cd4,Сыр President плав.сливочный 150г пласт.,1435.0,Полутвердый,False,False
2026-09-28,MaxMarket,40eb0e6b-f21a-4ac1-8903-d89a44204779,Сыр творожный Hochland сливочный 220г,1755.0,Полутвердый,False,False
2026-09-28,MaxMarket,704e78bc-532f-42a7-80cc-dd3f9d644043,Сыр плав. Hochland сливочный 50г,405.0,Полутвердый,False,False
2026-09-28,MaxMarket,88ccf00b-3728-4c7d-b133-9a5212a03c7c,Сыр Ламбер Gourmet 55% 230гр,3595.0,Полутвердый,False,False
2026-09-28,MaxMarket,557aa5ab-33d3-4b05-a258-b04795bd67b8,Сыр плавленый Hochland сливочный 200г,1640.0,Полутвердый,False,False
2026-09-28,MaxMarket,18af5abb-ba00-49b6-b038-0e8cadafce77,Сыр плавленый Hochland сливочный 100г,755.0,Полутвердый,False,False
2026-09-28,MaxMarket,a727ea68-d469-4c8d-82a0-ef32abeeacef,Сыр плав. Hochland чизбургер 150г,1490.0,Полутвердый,False,False
2026-09-28,MaxMarket,f2a4b9f0-50ba-47e0-96c0-1c9c75796f89,Сыр President плав. чизбургер 150г пласт.,1435.0,Полутвердый,False,False
2026-09-28,MaxMarket,9cdabb76-0ca9-4f38-840f-d098cdbeadd0,Сыр Hochland сэндвич пластинки 150г,1490.0,Полутвердый,False,False
2026-09-28,MaxMarket,f3d60102-f743-4224-b5c9-475a8cfa7657,Сыр плав. Hochland с грибами 200г,1940.0,Полутвердый,False,False
2026-09-28,MaxMarket,b6db7295-cf6f-472f-b5bb-b7e0299fc3b3,Сыр Hochland с грибами пластинки 150г,1490.0,Полутвердый,False,False
2026-09-28,MaxMarket,496f477d-6a4c-4d2c-98d8-83dfb62e2df6,Сыр плав. Hochland с ветчиной пластинки150г,1490.0,Полутвердый,False,False
2026-09-28,MaxMarket,1599fa80-a6a6-43b8-a57b-f5581a96dd1f,Сыр President плав.сливочный 140г круг,1390.0,Полутвердый,False,False
2026-09-28,MaxMarket,defde0e6-9d91-4faa-9db8-f5a2581c8362,Сыр President плав.c грибами 150г пласт.,1435.0,Полутвердый,False,False
2026-09-28,MaxMarket,f87293a8-0965-40dc-9791-c42dd96bf263,Сыр President плав. с грибами 200г ван.,1820.0,Полутвердый,False,False
2026-09-28,MaxMarket,67c4ac84-3aa3-4dea-913d-17790e9607a3,Сыр плавленый Hochland сливочный 400г,3095.0,Полутвердый,False,False
2026-09-28,MaxMarket,f919ea3f-c57b-4d60-91ae-293a8d3e9052,Чечил Чиззи нити ассортимент в/у,440.0,"Копченый, сулугуни, чечил",False,False
2026-09-28,MaxMarket,c7f551ed-a70b-4917-baa6-29d81dee9061,Чечил Чиззи ассортимент коса шт.,795.0,"Копченый, сулугуни, чечил",False,False
2026-09-28,MaxMarket,1a3cf4a5-e27c-49f6-b7bc-6167b2a061f7,Чечил Борте палочки 70гр,785.0,"Копченый, сулугуни, чечил",False,False
2026-09-28,MaxMarket,dceb8613-6320-48ae-ba3e-d7d50ab0d5b8,Сметана Food Мaster 15% 200г,685.0,Сметана,False,False
2026-09-28,MaxMarket,5e7207d2-e67e-49a2-9323-52055ef9190f,Сметана President 20% 200г,745.0,Сметана,False,False
2026-09-28,MaxMarket,4a76159d-4916-42ee-8954-96076f95c41b,Коже Борте Розалина 1л,820.0,Сметана,False,False
2026-09-28,MaxMarket,24f034b0-e48b-44b5-9846-97409a19d20f,Сметана Простаквашино 20% 300гр,1360.0,Сметана,False,False
2026-09-28,MaxMarket,ca707b6d-b68f-408e-93a5-e9413076d8a8,Сметана Простоквашино 15% 180г,855.0,Сметана,False,False
2026-09-28,MaxMarket,2d529553-3b1f-4607-a969-cc40fcedf061,Творог Тайиба 500г вес.,1360.0,Сметана,False,False
2026-09-28,MaxMarket,d3ce9ff6-9b3a-448d-b03e-7ba2bcf37331,Сметана Айс 15% 400гр,920.0,Сметана,False,False
2026-09-28,MaxMarket,d1ae8801-2121-4a89-8502-febbae88f62b,Сметана Айс 20% 400гр,1045.0,Сметана,False,False
2026-09-28,MaxMarket,9082619a-1972-438d-9102-778aee38caf9,Сметана Простоквашино 20% 180г,910.0,Сметана,False,False
2026-09-28,MaxMarket,61d2e4a4-82d4-4b2c-b9d7-63e8f6c01d83,Творог President 9℅ 200г,815.0,Сметана,False,False
2026-09-28,MaxMarket,ea4a2b13-e075-48b3-a75e-8da714777228,Пирожное Oreo fresh milk-snack 27гр,660.0,Творожные сырки,False,False
2026-09-28,MaxMarket,dd56823f-1cf5-431a-a187-d76f47972d79,*Йогурт Food Master Био-С ваниль 1л,990.0,Йогурт питьевой,False,False
2026-09-28,MaxMarket,c08c70ef-312b-4909-bd4b-3fbd627c9a16,"*Йогурт питьевой Био-С ФМ клубника 0,9л",1005.0,Йогурт питьевой,False,False
2026-09-28,MaxMarket,1012e9c9-7125-475b-9a66-6e3af2e24f5d,Кефир Борте 2.5% 1л,760.0,Йогурт питьевой,False,False
2026-09-28,MaxMarket,1cca2fc8-58e1-4a32-a2a3-49e9cb3678de,Йогурт Био-С пит.ваниль 0.5л,640.0,Йогурт питьевой,False,False
2026-09-28,MaxMarket,ff1177df-8d34-4eb2-b37e-bdc2b318c549,Кефир Food master 2.5% 0.5л,450.0,Йогурт питьевой,False,False
2026-09-28,MaxMarket,e7768c3f-3a71-43dc-a010-94bfa5639698,Йогурт Food Master Снежок пит. 0.9л,875.0,Йогурт питьевой,False,False
2026-09-28,MaxMarket,53989953-9938-4724-bf81-213d95fbf77f,Йогурт пит.Активиа черника/злаки/лен 270мл,705.0,Йогурт питьевой,False,False
2026-09-28,MaxMarket,baa74d7d-c16c-47f1-9d45-02b3467bbc8a,Йогурт питьевой Снежок 2% 450г,515.0,Йогурт питьевой,False,False
2026-09-28,MaxMarket,317248e5-9a63-4b71-a41d-f91c44b00efe,"Йогурт Food Master пит. лесные ягоды 0,9л",980.0,Йогурт питьевой,False,False
2026-09-28,MaxMarket,a33308c6-abac-4db3-82c7-8ec905cec71f,Кефир Food Master 2.5% 1л,765.0,Йогурт питьевой,False,False
2026-09-28,MaxMarket,f474a0d5-c6d9-40f7-82f7-10236032afa1,Кефир Food Master 1% 1л,765.0,Йогурт питьевой,False,False
2026-09-28,MaxMarket,299d34f2-b4df-4a55-9b34-79f9802a3473,Йогурт питьевой Био-С ФМ клубника 0.45л,650.0,Йогурт питьевой,False,False
2026-09-28,MaxMarket,ed550ed9-6cf3-49bb-8690-768412786f23,Йогурт пит. Живой Злаки 1% 280г,560.0,Йогурт питьевой,False,False
2026-09-28,MaxMarket,2fc1971b-399f-4fe1-83d8-6e9b8b0429ce,Сырок Простоквашино клубника 40г,640.0,Йогурт густой,False,False
2026-09-28,MaxMarket,306817bf-87ba-445d-9ec1-e0d8c3aeb128,Сырок Чудо шоколад 40г,545.0,Йогурт густой,False,False
2026-09-28,MaxMarket,fbe4b833-40d8-49a9-82f0-9ea4cd16218f,"Йогурт Эрмигурт ананас дыня 3,2% 100гр",320.0,Йогурт густой,False,False
2026-09-28,MaxMarket,142d1002-c0a1-4614-ad14-715fc14886f2,Йогурт Нежный абрикос-манго 5% 100г,320.0,Йогурт густой,False,False
2026-09-28,MaxMarket,2cb46249-9944-4f27-978f-19679c36a970,Йогурт Food Master Живой клубника 110г,325.0,Йогурт густой,False,False
2026-09-28,MaxMarket,9cb1dfe0-6542-43ba-9bad-76a0edd46f68,Йогурт Эрмигурт персик манго 3.2% 100гр,320.0,Йогурт густой,False,False
2026-09-28,MaxMarket,e40e3f31-681b-4cf9-be66-9629b6e960b2,Творожок Растишка 45г клубника/пломбир/банан,1320.0,Йогурт густой,False,False
2026-09-28,MaxMarket,5c8e0bc5-7dc0-41ca-8514-a8bd22361a95,Йогурт Нежный персик 5% 100гр,320.0,Йогурт густой,False,False
2026-09-28,MaxMarket,031c553b-31b3-4a9d-a418-08de80567870,Сырок Живой глаз.клубника 36г,380.0,Йогурт густой,False,False
2026-09-28,MaxMarket,4d6fcd9e-96f1-4c8c-9381-3eeb9600ed79,Йогурт Food Master греческий 300гр,910.0,Йогурт густой,False,False
2026-09-28,MaxMarket,6e116078-e725-4230-a0d4-50bce6b26ce6,Сырок Живой глазир. сгущенка 36г,380.0,Йогурт густой,False,False
2026-09-28,MaxMarket,88c608cb-7b8b-4a95-bc0b-55bc519e1aa0,Йогурт Нежный персик 1.2% 100г,240.0,Йогурт густой,False,False
2026-09-28,MaxMarket,889f7e3d-ab75-402b-845f-29f6ff3ef20a,Йогурт Нежный малина/земляника 5% 100г,320.0,Йогурт густой,False,False
2026-09-28,MaxMarket,a5bf71b3-a54b-47ca-a3dd-2317dbaa0b0d,Йогурт Нежный клубника 5% 100гр,320.0,Йогурт густой,False,False
2026-09-28,MaxMarket,2a0d2c8a-f19c-4670-bf00-676961863b76,"Йогурт греческий FM натуральный 8,4% 130г",505.0,Йогурт густой,False,False
2026-09-28,MaxMarket,568407de-71b9-4bfb-9bbe-f952bde8d836,Курт BARAKA premium 70гр.,675.0,Национальные десерты,False,False
2026-09-28,MaxMarket,de0092b9-b006-4a4a-99cf-fd2baf377daa,Курт Baraka 4шт/уп,420.0,Национальные десерты,False,False
2026-09-28,MaxMarket,1d74419d-60bd-480a-93d4-5aa1587879ff,Курт Baraka классический 6шт в/у,625.0,Национальные десерты,False,False
2026-09-28,MaxMarket,d61e7907-21e1-4804-baea-d87de85eec85,Колбаски Микоян Snexi классические 75г,1095.0,Колбасы,False,False
2026-09-28,MaxMarket,9acde5b3-7675-487b-8c30-ada6b7e9b629,*Колбаса Нарлен Президентская мал-я в/с шт,2025.0,Колбасы,False,False
2026-09-28,MaxMarket,98601c93-ae7f-4730-845b-91aafc4d88e2,Колбаса вар. Папа может мясная 0.4кг,1590.0,Колбасы,False,False
2026-09-28,MaxMarket,d836666c-ed20-40db-87a0-f2e91ddd1fc1,*Колбаса Нарлен Краковская 1/с шт,1775.0,Колбасы,False,False
2026-09-28,MaxMarket,eb4a3009-bdc5-4d67-bb83-f41f2edd045f,Колбаса Черкизово богородская шт.,2325.0,Колбасы,False,False
2026-09-28,MaxMarket,041d9622-3aa9-4b80-9d43-8cf0c222299f,Нарезка Микоян Салями Милано 100гр,1165.0,Колбасы,False,False
2026-09-28,MaxMarket,3f12afb0-eae7-406d-b680-0661f6e22d8c,Колбаса Нарлен докторская в/с мал-я,2290.0,Колбасы,False,False
2026-09-28,MaxMarket,2468b6bd-770d-4973-a7e8-59cb6ae09530,"Нарезка Черкизово салями Астория 0,085гр",1055.0,Колбасы,False,False
2026-09-28,MaxMarket,b4823fc3-2409-49de-bf1a-016542bad056,Куриный рулет Нарлен 400гр,1755.0,Колбасы,False,False
2026-09-28,MaxMarket,64e81747-1d1b-4d0a-b06c-d0942b0af5e7,Колбаса Белорусская традиция Копченая на дровах с сыром 460гр,4005.0,Колбасы,False,False
2026-09-28,MaxMarket,2a4d54a9-1d01-4024-a5a4-199c36bb29b5,Колбаса Папа может варенка филейная 0.5кг,1840.0,Колбасы,False,False
2026-09-28,MaxMarket,ca521295-0ede-40b0-9713-151861d64490,Колбаса вар. Папа может экстра 0.4кг,1595.0,Колбасы,False,False
2026-09-28,MaxMarket,94bc5ce3-c3cf-49af-bee8-1ecd87505522,Колбаса вар. Папа может говяжья 0.4кг,1660.0,Колбасы,False,False
2026-09-28,MaxMarket,d805793b-200f-492a-9c0f-d09989ac882f,"Колбаса Молочная по-Черкизовски вареная0,4",1825.0,Колбасы,False,False
2026-09-28,MaxMarket,1c80c805-a7d6-461e-ac5d-6924769ed967,Подушка Нарлен из курицы 550гр,2405.0,Колбасы,False,False
2026-09-28,MaxMarket,8080f7d8-9973-430e-ab32-4db0b7d5ebfa,Сервелат Микоян Московский 0.35кг,2320.0,Колбасы,False,False
2026-09-28,MaxMarket,826999e9-ce2f-4e3f-b121-d8dd3015e9ec,"Сервелат Папа может финский срез в/у 0,35",1970.0,Колбасы,False,False
2026-09-28,MaxMarket,6e817d99-2184-4656-9288-8f6f07ed7fd7,Колбаса Черкизово Московская 500гр,4050.0,Колбасы,False,False
2026-09-28,MaxMarket,f12fc905-3782-4d8f-ba2f-220ad13e876e,Сервелат Таллинский Микоян 0.35кг,2215.0,Колбасы,False,False
2026-09-28,MaxMarket,d7b3cc69-50af-400c-81a9-d69dccba4086,Сервелат Микоян миндальный 0.35кг,1935.0,Колбасы,False,False
2026-09-28,MaxMarket,0722ecf0-8410-42c6-9895-9194af43774d,"Колбаса Черкизово бородинская с/к 0,3 шт.",2260.0,Колбасы,False,False
2026-09-28,MaxMarket,69700606-72ef-487a-8867-7844e45f5c26,Сервелат Микоян коньячный 0.35кг,1990.0,Колбасы,False,False
2026-09-28,MaxMarket,a4e81e10-5dfe-4144-b659-bc6d8596f144,Сервелат Микоян российский 0.35кг,2215.0,Колбасы,False,False
2026-09-28,MaxMarket,b435601e-12dd-4442-b1ad-52b7c9e03eae,"Сервелат Папа может русский срез 0,31",1885.0,Колбасы,False,False
2026-09-28,MaxMarket,3701f83b-04d2-47ba-b47a-a595d8c61c9e,Колбаса Папа может Экстра с/к 250гр,2330.0,Колбасы,False,False
2026-09-28,MaxMarket,eeb1017c-a2cc-41a1-ae0d-ba0378d4123c,Колбаса Папа может Юбилейная с/к 250гв/у,2450.0,Колбасы,False,False
2026-09-28,MaxMarket,21de7768-2c51-47c4-8ce0-ec0102a795a8,Сервелат Черкизово Сервелетти с/к 250гр,2775.0,Колбасы,False,False
2026-09-28,MaxMarket,9d9a66ea-05e1-4de3-89de-0b7711ec942f,"Сервелат Папа может копчен.на буке срез 0,35",2245.0,Колбасы,False,False
2026-09-28,MaxMarket,fce8a103-572c-4328-ac22-9079f317ad97,Сосиски нарлен Куриные 1/с 460г,1490.0,"Сосиски, сардельки, шпикачки",False,False
2026-09-28,MaxMarket,6831cd89-aecd-4764-a0c4-654b0d420341,Ветчина по-швейцарски Знаменский в/у,2405.0,"Сосиски, сардельки, шпикачки",False,False
2026-09-28,MaxMarket,86b2e724-b76c-4998-861a-010459029ea5,Бекон Черкизово копченый с/к 180гр,1825.0,"Сосиски, сардельки, шпикачки",False,False
2026-09-28,MaxMarket,84073e9d-1977-4dea-960d-9e72e9edfd62,Сосиски Папа может сочные 0.45кг,1625.0,"Сосиски, сардельки, шпикачки",False,False
2026-09-28,MaxMarket,64f00049-1c5c-4784-a818-d5f2e559c74e,Сосиски копченые по Черкизовски 400г,1755.0,"Сосиски, сардельки, шпикачки",False,False
2026-09-28,MaxMarket,df0b8360-d1cf-4d0d-b6e5-c5bddbbac2ab,Сосиски Папа может сливочные 0.45кг,1735.0,"Сосиски, сардельки, шпикачки",False,False
2026-09-28,MaxMarket,3bccbb93-bfb4-44c0-bee3-9a3e3df8f81a,Бекон Орловский варен./копч. 350г,2095.0,"Сосиски, сардельки, шпикачки",False,False
2026-09-28,MaxMarket,fe049a2e-0a56-46a1-a4c2-e224c9452c4a,Ветчина по-итальянски Знаменский в/у 500г,3755.0,"Сосиски, сардельки, шпикачки",False,False
2026-09-28,MaxMarket,32e35e36-d925-4098-a9e4-c247b368e8c1,Сардельки Нарлен говяжьи 620гр,2350.0,"Сосиски, сардельки, шпикачки",False,False
2026-09-28,MaxMarket,37f59438-7928-49a7-853a-c6c8b041fe56,Сосиски Папа может мясные с говядиной 600гр,2030.0,"Сосиски, сардельки, шпикачки",False,False
2026-09-28,MaxMarket,2a8dec5a-2c41-4744-9b8e-971eb1f29e8d,Нарезка Черкизово Сервелетти/Прошутто 85гр,1440.0,"Ветчина, бекон",False,False
2026-09-28,MaxMarket,f83caf11-c560-4118-a531-15c257a7d185,"Шоколад Kinder country мол. 23,5г",430.0,Конфеты весовые,False,False
2026-09-28,MaxMarket,67c648e0-7c4d-4e7e-be85-e26cd649cc49,Драже M&M`s шоколад 45г,545.0,Конфеты весовые,False,False
2026-09-28,MaxMarket,84a7174a-00a8-4a4c-be99-bd4a471a1b8b,Драже M&M's арахис 45г,545.0,Конфеты весовые,False,False
2026-09-28,MaxMarket,d2b37669-64a4-4385-ba4a-61aa2243126b,Батончик Snickers minis 180гр,1525.0,Конфеты весовые,False,False
2026-09-28,MaxMarket,5f7fc90f-4c58-48cd-9687-1776b7c167e0,Батончик Twix minis 184гр,1525.0,Конфеты весовые,False,False
2026-09-28,MaxMarket,fd1a4bc9-f312-4eb4-8f0c-d2c6c0262933,Батончик Mars minis 182гр,1525.0,Конфеты весовые,False,False
2026-09-28,MaxMarket,b2e6a1d5-c552-4b3b-9077-65353dc23dca,Конфеты Ярче арахис 500г,1400.0,Конфеты весовые,False,False
2026-09-28,MaxMarket,c352b58a-e478-4a66-a15f-05dbd7162286,Конфеты FruitStore чернослив с грец.орехом 500гр,3140.0,Конфеты весовые,False,False
2026-09-28,MaxMarket,e7089235-5137-4f56-8b5c-4fa596a40557,Конфеты Крокант грильяж 500г,1645.0,Конфеты весовые,False,False
2026-09-28,MaxMarket,a3b5c599-001a-43ae-8dee-29b0b9aeb1df,Конфеты Чио-Рио шоколад. 500гр,1810.0,Конфеты весовые,False,False
2026-09-28,MaxMarket,cc8438b8-6869-4062-817c-f6b7d84e5bf1,Конфеты Ferrero Rocher 125гр,3780.0,Конфеты весовые,False,False
2026-09-28,MaxMarket,006c3725-ba4f-42cf-b72a-f6060d01de33,Конфеты FruitStory персик с арахисом в шок. 500г,2450.0,Конфеты весовые,False,False
2026-09-28,MaxMarket,6a55aa36-27f1-4547-8c17-ebbd06f6134f,Конфеты Toffifee 125г,2050.0,Конфеты весовые,False,False
2026-09-28,MaxMarket,348c94cc-bef3-4a87-84ca-9325ff4b378f,Конфеты Raffaello 200г к/к торт,4365.0,Конфеты весовые,False,False
2026-09-28,MaxMarket,12d3d8a0-8ca9-4d18-9fbf-0ee2562a8470,Конфеты NutStory Фундук в шок.глазури 500г,2835.0,Конфеты весовые,False,False
2026-09-28,MaxMarket,6799c071-e249-485d-9dc9-811b8b673cec,Батончик Albeni mini 500г,4210.0,Конфеты весовые,False,False
2026-09-28,MaxMarket,4a32733e-b6c4-4300-97f0-0f42598f0e13,Печенье Albeni bites 500г,3665.0,Конфеты весовые,False,False
2026-09-28,MaxMarket,313a1343-e27d-4a93-83cf-bde8e31b49d5,Конфеты Raffaello 240г п/кор.,4655.0,Конфеты весовые,False,False
2026-09-28,MaxMarket,6e65bdec-b273-4496-8d9b-cd799a6f8144,Конфеты Raffaello 100г к/к торт,3170.0,Конфеты весовые,False,False
2026-09-28,MaxMarket,e1ef2f8f-466b-465b-b3ee-afa02392df10,Шоколад Alpen Gold молочный с фундуком 85г,790.0,Шоколад плиточный,False,False
2026-09-28,MaxMarket,19875f5f-3550-49c5-8612-353c6c4fcdb9,Шоколад молоч. Babyfox с молоч. начинкой 45гр,320.0,Шоколад плиточный,False,False
2026-09-28,MaxMarket,ec2bbf3b-7339-4085-aba4-f01c53b73104,Шоколад Milka молочный пористый 76г,1170.0,Шоколад плиточный,False,False
2026-09-28,MaxMarket,e47b4d0f-19d5-4c36-a914-9fda3565e7cf,Шок. яйцо Kinder сюрприз пираты/монстры 20г,805.0,Шоколад плиточный,False,False
2026-09-28,MaxMarket,9f84145e-e43c-4bdb-85af-3be96f6657e5,Шоколад Milka молочный с печеньем Lu 87г,1490.0,Шоколад плиточный,False,False
2026-09-28,MaxMarket,d6f5232e-01ed-43b1-87de-8a2debb5c6f0,Шоколад Milka Молочный с фундуком 80г,1255.0,Шоколад плиточный,False,False
2026-09-28,MaxMarket,be83eacf-8f1f-4343-b17a-926224411c38,Конфеты Raffaello 150г,2940.0,Шоколад плиточный,False,False
2026-09-28,MaxMarket,5e7e123b-7dd6-43bd-b772-b8cf939b3d51,Шоколад Milka молочный 90г,1255.0,Шоколад плиточный,False,False
2026-09-28,MaxMarket,00dff0ba-002b-41fa-ad75-2654d6a56fbe,Шоколад Alpen Gold Oreo класс. 90гр,790.0,Шоколад плиточный,False,False
2026-09-28,MaxMarket,2b4c8cf7-654d-4fd7-b65f-b8e2e2987dcf,Шоколад Milka молочный с соленым крекером Tuc 87г,1490.0,Шоколад плиточный,False,False
2026-09-28,MaxMarket,bbebbfe2-fa08-426e-8ee8-224e976df4d6,Паста Milka ореховая 350гр,2525.0,Шоколад плиточный,False,False
2026-09-28,MaxMarket,067e415f-3d87-4429-8173-a9413ef255f9,Шоколад Milka молоч. цельный миндаль 85г,1325.0,Шоколад плиточный,False,False
2026-09-28,MaxMarket,735eb315-781a-4a4f-9f0d-3bf55d949994,Ореховая паста Nutella 630г ст/б,6010.0,Шоколад плиточный,False,False
2026-09-28,MaxMarket,4acbf9a9-0a30-4187-ae2c-f106ce354314,Шоколад Победа темный б/сахара 57% 100гр,1800.0,Шоколад плиточный,False,False
2026-09-28,MaxMarket,208aaca0-13d5-4838-8601-f0bea9e123d8,Сыр плавленый Hochland грибы 140гр круг.,1465.0,Шоколад плиточный,False,False
2026-09-28,MaxMarket,9fccb725-2ae4-4494-bd88-024f4a72141e,Яйцо Kinder Joy маль. 20г,1015.0,Шоколадные яйца,False,False
2026-09-28,MaxMarket,11ae1172-c22b-4ae9-861e-7cee326b5bb1,Батончик Ozera extra milk&nazelnuts 45г,460.0,Шоколадные батончики,False,False
2026-09-28,MaxMarket,67ee3ec3-1a13-4a7d-a013-197e97acfb41,Батончик Kitkat duo 64г.,1080.0,Шоколадные батончики,False,False
2026-09-28,MaxMarket,ec803b7d-c3fc-4467-bb2d-61eb25fed9f5,Набор Kinder Maxi Mix 202гр,4040.0,Праздничные сладости,False,False
2026-09-28,MaxMarket,266a4a97-4963-4328-9538-77dee43ad32b,Набор Новогодний Яшкино Сумочка 400гр,3280.0,Праздничные сладости,False,False
2026-09-28,MaxMarket,5c7f6ab5-cb2d-4638-aed8-e2b3296e4d8a,Набор Kinder микс 178гр,3910.0,Праздничные сладости,False,False
2026-09-28,MaxMarket,3191236b-d840-41fe-892b-347eb916e193,Набор Kinder с игрушкой 137гр,6065.0,Праздничные сладости,False,False
2026-09-28,MaxMarket,49505a25-997c-4bb3-a9dd-55ad607c2b16,*Чипсы Lays рифленые лобстер 140г,1355.0,Чипсы,False,False
2026-09-28,MaxMarket,e8db8214-ef5f-45ae-bf95-72c0899cbbef,*Чипсы Lays рифленые сметана/лук 140г,1355.0,Чипсы,False,False
2026-09-28,MaxMarket,a8869a7c-c6fc-43a1-bf2c-0623364a9bd7,Чипсы Lays сметана/зелень 140гр,1315.0,Чипсы,False,False
2026-09-28,MaxMarket,a12754aa-9519-4e56-843a-cf9d034b628e,Сухарики Кириешки ветчина/сыр 100г,255.0,Чипсы,False,False
2026-09-28,MaxMarket,f6eb8730-738f-432e-b296-16b9e1341a0b,Чипсы Lays из печи лисички в сметане 85г,990.0,Чипсы,False,False
2026-09-28,MaxMarket,10a9ed18-7fac-4962-a632-a35cd20df955,Сухари Кириешки семга+тартар соус 100г,330.0,Чипсы,False,False
2026-09-28,MaxMarket,7e6da860-2e0e-425f-a554-69d5f9301765,Сухари Flint сметана/зелень 100г,470.0,Чипсы,False,False
2026-09-28,MaxMarket,9d4ad87d-d5bb-4c87-a66f-1bcfeb0b147d,Чипсы Lays STAX аром.ребрышки барбекю 140 г,2560.0,Чипсы,False,False
2026-09-28,MaxMarket,f03ab72b-34f9-4f84-8c71-73ef40aba916,Сухари Flint сыр 100г,470.0,Чипсы,False,False
2026-09-28,MaxMarket,aa12d3a8-5e19-458f-b9d8-23c4fca21db7,Сухари Flint салями 100г,470.0,Чипсы,False,False
2026-09-28,MaxMarket,4389c831-97f0-417d-9064-624b09ab428f,Чипсы Doritos Перец Острый 70гр,850.0,Чипсы,False,False
2026-09-28,MaxMarket,09109979-ccd1-4002-89a2-4279605f6345,Чипсы Lays из печи нежный сыр 85г,1035.0,Чипсы,False,False
2026-09-28,MaxMarket,3dea445b-45b1-40a7-b2f0-b9b8427e288b,Крекер TUC колбаски 100гр,600.0,Чипсы,False,False
2026-09-28,MaxMarket,5dd522cd-5045-4b96-a934-457354e37dda,Чипсы Lays краб 140г,1315.0,Чипсы,False,False
2026-09-28,MaxMarket,3b50ae35-813a-46d7-956e-313a70b314c3,Сухари Flint шашлык 100г,470.0,Чипсы,False,False
2026-09-28,MaxMarket,fdbc0fef-6f27-418f-b577-122fec57f16b,Сухари Flint краб 100г,470.0,Чипсы,False,False
2026-09-28,MaxMarket,7bb7fa67-fe82-41b6-8f9b-aeb2a55a29da,Сухари Flint сыр 190г,790.0,Чипсы,False,False
2026-09-28,MaxMarket,54a1a6be-f77d-4bf9-bd88-5c660ad83807,Чипсы Lays Зеленый лук 140гр,1310.0,Чипсы,False,False
2026-09-28,MaxMarket,27d9255f-247f-414a-9294-1ca24c99ee1e,Чипсы Lays STAX сметана/лук 140 гр,2560.0,Чипсы,False,False
2026-09-28,MaxMarket,2e1881dc-91dc-419c-8afb-70992dd3510d,Крекер TUC сметана/лук 100гр,600.0,Чипсы,False,False
2026-09-28,MaxMarket,2d9f3824-2b74-42c8-b0d4-00c7ad5e695b,Крекер Tuc сыр 100г,600.0,Чипсы,False,False
2026-09-28,MaxMarket,fe1e31e3-19e8-45f6-b94f-d7d0ccd7ad7b,Чипсы Fan красная икра 65г,395.0,Чипсы,False,False
2026-09-28,MaxMarket,5bfbf64f-6121-4233-8b55-a78c82a192e0,*Семечки Джинн Великан с солью 300г,1590.0,Орехи,False,False
2026-09-28,MaxMarket,8b206375-c39f-48ed-a7ec-b649a9743d72,Грецкий орех Восточный Базар 150г,1045.0,Орехи,False,False
2026-09-28,MaxMarket,1d1dbaf0-3793-41d3-a4a5-7d63eeee1f57,Семечки Джинн с морской солью 250г,1220.0,Орехи,False,False
2026-09-28,MaxMarket,879ed73b-4462-4aab-9961-199fde294028,Семечки джинн подсолнечника жареные 70г,370.0,Орехи,False,False
2026-09-28,MaxMarket,fd2366e9-e0fc-4675-bca3-697cf22baf45,Семечки Джинн с морской солью 140г,705.0,Орехи,False,False
2026-09-28,MaxMarket,8699f9c3-36d2-407d-985c-4297f59c73ee,Семечки Ермак черные без соли 200гр,1440.0,Орехи,False,False
2026-09-28,MaxMarket,92d57fa3-1a99-4abb-bb71-84a5d09ae754,Курага Восточный Базар 200г,1150.0,Орехи,False,False
2026-09-28,MaxMarket,161a6001-9e42-40f1-9785-0563e285d4f5,Изюм Восточный базар светлый Изабелла 180г,850.0,Орехи,False,False
2026-09-28,MaxMarket,2509673e-8771-40a9-aa02-3adf4d8109da,Семечки Джинн жареные 250г,1220.0,Орехи,False,False
2026-09-28,MaxMarket,7be83e60-08cf-47d9-900b-ecb5ab5e40b4,Семечки Джинн с морской солью 70г мяг/уп,370.0,Орехи,False,False
2026-09-28,MaxMarket,10e66687-c9ae-478c-be80-17ea286b7718,Рогалики Бархан со сгущенкой 6шт/уп,525.0,"Сушки, баранки, сухари",False,False
2026-09-28,MaxMarket,7161c27e-d51f-403f-ad7d-2adbaa1aa86f,Булочки Сердечки Бархан 4шт/уп,480.0,"Сушки, баранки, сухари",False,False
2026-09-28,MaxMarket,1786b8c2-94c3-40e6-bec3-0cb4a0986238,Тараллини Nina Farina томат и травы 180 г,450.0,"Сушки, баранки, сухари",False,False
2026-09-28,MaxMarket,de7a3f4c-40cf-4b5f-81f7-40d080dcaf5f,Ватрушка Бархан ассортимент 4шт/уп,480.0,"Сушки, баранки, сухари",False,False
2026-09-28,MaxMarket,bc3437be-5dcf-45c9-9b23-99911175c84d,Тараллини Nina Faria классические 180гр,490.0,"Сушки, баранки, сухари",False,False
2026-09-28,MaxMarket,fa44a77a-1d69-458e-bb57-1b0378f806e0,Сухари Fine Bakery бородинские 350г,1280.0,"Сушки, баранки, сухари",False,False
2026-09-28,MaxMarket,7e9fc499-83eb-4e7f-b5d2-e49608769b40,Сухари Fine Bakery молочные 350гр,1490.0,"Сушки, баранки, сухари",False,False
2026-09-28,MaxMarket,a5559ea5-169f-450b-a7d3-7e67c2a87df7,Мини-круассаны Яшкино шоколад.крем 180гр,800.0,Пряники,False,False
2026-09-28,MaxMarket,87b99b69-442a-4df9-96a0-594c5ffa286d,"Батончик Snickers 50,5г",475.0,Пряники,False,False
2026-09-28,MaxMarket,cb8e8bee-3834-49a9-8149-74ddb31ee304,Вафли Яшкино мягкие шоколад 120г,490.0,Пряники,False,False
2026-09-28,MaxMarket,2aed5fe0-cf0c-4b3c-9261-25edfb5eb440,Печенье Сайрам Нан медовое 400г,850.0,Пряники,False,False
2026-09-28,MaxMarket,737e570c-642b-4884-ad98-c38d5ec969e7,Батончик Bounty Trio 82.5г,765.0,Пряники,False,False
2026-09-28,MaxMarket,4e9870c3-fa51-45ec-8463-ee86194f3bf7,Вафли Яшкино мягкие со сгущенкой 120гр,460.0,Пряники,False,False
2026-09-28,MaxMarket,26041fcf-5341-457a-b79f-ca5971e56591,Печенье Oreo какао/ваниль 95г,600.0,Пряники,False,False
2026-09-28,MaxMarket,cfec33d4-fdfc-483a-88bb-426f7d63e38b,Коржик Сайрам Нан 600гр,830.0,Пряники,False,False
2026-09-28,MaxMarket,a0a9c166-fd75-4a7d-bb14-84716054f05f,Вафли Яшкино шоколадные 200г,560.0,Пряники,False,False
2026-09-28,MaxMarket,e98c806a-d530-43cb-808a-181ef77ca43d,Бисквит Milka Soft & Choc 175гр,2195.0,Пряники,False,False
2026-09-28,MaxMarket,73c127c3-8a81-41c4-ba7a-0078f0a0299a,Печенье Albeni Round 8шт,2200.0,Пряники,False,False
2026-09-28,MaxMarket,21746b30-fb11-404e-a991-ea9fa152d2d0,Вафли Яшкино глазир. с фундуком 200г,630.0,Пряники,False,False
2026-09-28,MaxMarket,c4cf81b1-94bf-4a47-8acf-4e6a8fb3f60f,Мини-круассаны Яшкино сливоч.крем 180гр,800.0,Пряники,False,False
2026-09-28,MaxMarket,96aca23d-6dd1-451a-ae1f-e109324d741a,Драже Крекер Рыбка в мол.шок.глазури 500гр,2615.0,Пряники,False,False
2026-09-28,MaxMarket,888892e6-4806-44d1-988b-3be2da1bec09,Мини-рулеты Яшкино клубника 175гр,630.0,Пряники,False,False
2026-09-28,MaxMarket,acf4c442-f786-4ea2-bb55-4fcdbaa4a139,Драже M&M арахис 80гр,940.0,Пряники,False,False
2026-09-28,MaxMarket,77b8cfde-a4eb-4f06-b834-14799960ee8b,Рулет Яшкино вареная сгущенка 200гр,625.0,Пряники,False,False
2026-09-28,MaxMarket,385af84c-4748-481f-8186-7bce39064a33,Кекс Сайрам Нан день и ночь 440г,890.0,Пряники,False,False
2026-09-28,MaxMarket,531300dc-d276-4aac-8443-94a733e9e770,Вафли Яшкино мягкие вишня 120г,460.0,Пряники,False,False
2026-09-28,MaxMarket,75cc51e3-2cad-4481-9ff7-9aab436db632,Печенье Сайрам Нан Овсяное,920.0,Пряники,False,False
2026-09-28,MaxMarket,2d063cb0-6a66-4aab-8304-3ac789ade725,Печенье Oreo шоколадный вкус 95г,650.0,Пряники,False,False
2026-09-28,MaxMarket,61cc7cbf-31d8-41ea-b61b-0fd647af0684,Рулет Яшкино какао глазир. 200г,630.0,Пряники,False,False
2026-09-28,MaxMarket,b465d78d-6add-454c-85b8-95091681ed8d,Мини-пряник Яшкино с малиновой начинкой 300гр,705.0,Пряники,False,False
2026-09-28,MaxMarket,683d417a-d94e-4a69-b826-fbe98e053143,Мини-рулеты Яшкино с соленой карамелью 200г,775.0,Пряники,False,False
2026-09-28,MaxMarket,29b7df4b-5295-4171-92a7-ebf8e78e6b2f,Печенье Яшкино сдобное апельсин 137гр,480.0,Пряники,False,False
2026-09-28,MaxMarket,ce2f058a-3ac1-440b-a554-e11c0e8aba8e,Печенье Рахат Яблочко 350гр,705.0,Пряники,False,False
2026-09-28,MaxMarket,6aea4649-619a-4906-905d-f7d0516797ca,Батончик Twix 55г,475.0,Пряники,False,False
2026-09-28,MaxMarket,8af421c0-d9d0-45ad-a288-db3db4a2e47b,Вафли Рахат сюрприз 110г,295.0,Пряники,False,False
2026-09-28,MaxMarket,cef3e3b3-7634-4556-bdac-2897aa45c014,Драже Skittles кисломикс 70г,710.0,Пряники,False,False
2026-09-28,MaxMarket,fa68b2a3-e907-439d-9ae2-d815d1773c5a,Батончик вафельный Nutella 22г,430.0,Пряники,False,False
2026-09-28,MaxMarket,0cb017f1-11d2-4d68-9d79-dffc7e957f45,Шоколад Alpen Gold фундук и изюм 85г,790.0,Пряники,False,False
2026-09-28,MaxMarket,a5b8c96d-ef0c-443c-aef7-138848b266da,Мини-круассаны Яшкино клубника 180г,800.0,Пряники,False,False
2026-09-28,MaxMarket,ac3f019b-494a-4a0f-b001-83fb897a673d,Пряники Сайрам нан овал 500г,690.0,Пряники,False,False
2026-09-28,MaxMarket,77c209bf-4c4a-4370-898a-9f7d121b25bd,Печенье Рахат Яблочко 500г,935.0,Пряники,False,False
2026-09-28,MaxMarket,2ce4049a-fb8f-4118-8322-12e51c613aa5,Шоколад Alpen Gold клубника/йогурт 85г,920.0,Пряники,False,False
2026-09-28,MaxMarket,1081ab63-7844-420a-8329-b2fff6d32189,Шоколад Alpen Gold черника йогурт 85г,1150.0,Пряники,False,False
2026-09-28,MaxMarket,94d5be72-90fe-49b5-976f-e97842c31ea8,Батончик Twix Xtra 82г,705.0,Пряники,False,False
2026-09-28,MaxMarket,22ebca70-ec3c-480b-b0e1-ba4f94fea989,Печенье Oreo Strawberry Cheesecake 95гр,650.0,Пряники,False,False
2026-09-28,MaxMarket,b35acace-ca82-4135-8c3c-959e2bd6e185,Кекс Сайрам Нан с клубникой,860.0,Пряники,False,False
2026-09-28,MaxMarket,64e72adc-e7e9-408e-a56c-3afabeea8bc4,Пряники Яшкино мятные 350гр,635.0,Пряники,False,False
2026-09-28,MaxMarket,c656026f-d2a3-4735-91a8-c4d95f8ee0c0,Шоколад Яшкино белый 90г мяг/уп,790.0,Пряники,False,False
2026-09-28,MaxMarket,30e74b3c-4604-42ef-8887-fdec1ed4a908,Шоколад Alpen Gold арахис/кукуруз. хлопья 85г,920.0,Пряники,False,False
2026-09-28,MaxMarket,57790e00-630e-44a7-91e6-26e69d178a21,Пряники Яшкино классические 350г,665.0,Пряники,False,False
2026-09-28,MaxMarket,1a694ba0-a34d-43e2-b2e4-191ba95083c5,Рулет Яшкино клубника/сливки 200г,625.0,Пряники,False,False
2026-09-28,MaxMarket,3909c748-3ee4-4d33-a4b4-abd20f0a415f,Шоколад Alpen Gold миндаль/кокос 80гр,790.0,Пряники,False,False
2026-09-28,MaxMarket,c28c2695-269c-43c5-b0da-c5471dc6655d,Кекс Сайрам Нан с кунжутом,890.0,Пряники,False,False
2026-09-28,MaxMarket,b232aee1-1d37-41ab-b3cd-f30f0e4332ea,Драже Skittles фруктовый 70г,705.0,Пряники,False,False
2026-09-28,MaxMarket,d1f3a321-3b89-4703-9b05-ec9b2510afd7,Пряники Яшкино шоколадные 350гр,835.0,Пряники,False,False
2026-09-28,MaxMarket,d42f5de9-a1ee-4172-a904-6e64634ec9f6,Конфеты Merci ассорти 250г,4360.0,Пряники,False,False
2026-09-28,MaxMarket,50c490fa-ec33-43ed-bbab-7559a96b0475,Конфеты Raffaello 70г п/кор.,1660.0,Пряники,False,False
2026-09-28,MaxMarket,61de77e0-f8e3-41fa-b318-0fa17da4b653,Шоколад Alpen Gold Max Fan тропик 150 гр,2030.0,Пряники,False,False
2026-09-28,MaxMarket,f51251e1-d021-4fef-8e9f-35af8562d80c,Конфеты Merci ассорти 400гр,8655.0,Пряники,False,False
2026-09-28,MaxMarket,23f76683-bb78-4a94-9f34-5c6307a71fd3,Коржики Сайрам нан с творожной начинкой 450гр,935.0,Печенье и пряники,False,False
2026-09-28,MaxMarket,87bc2ff4-02da-4528-9f15-ff087c3d2e2d,Крекер Tuc паприка 100гр,600.0,"Соломка, крекеры",False,False
2026-09-28,MaxMarket,24a7d3eb-7d05-4ebb-9525-84ace8b03d75,Вафли Kinder Bueno Dark 43гр,645.0,Вафли,False,False
2026-09-28,MaxMarket,e1afc32d-7837-49a8-88c7-532f600cf694,Вафли Яшкино голландские Карамель 165гр,460.0,Вафли,False,False
2026-09-28,MaxMarket,c55ad109-fbac-45d2-89c8-7885329cbde1,Вафли Яшкино голландские с вареной сгущенкой 165гр,480.0,Вафли,False,False
2026-09-28,MaxMarket,3c8781bd-f527-48d6-8abe-d5018421fcac,Круассан 7Days с Варенной сгущенкой 65гр,320.0,Круассаны,False,False
2026-09-28,MaxMarket,7c4b06ae-79bb-490a-b7f4-ae8e8f2b891c,Круассан 7Days ваниль 65гр,320.0,Круассаны,False,False
2026-09-28,MaxMarket,39e7c08c-25a4-454d-8d0e-3be97891f5d5,Круассан 7Days с какао 65гр,320.0,Круассаны,False,False
2026-09-28,MaxMarket,32dfa937-c906-47e9-83ad-0e71fb54f6c5,Круассан Сайрам Нан со сгущенкой,905.0,Круассаны,False,False
2026-09-28,MaxMarket,e956f800-bfdf-4a0c-bdfd-953ccb84f0be,Булочки Сайрам Нан со сгущенкой 400гр,650.0,"Кексы, маффины",False,False
2026-09-28,MaxMarket,d99d2474-927b-458a-b780-7fac679cbbfd,Бисквит Барни шоколад.начин. 30гр,250.0,"Бисквиты, рулеты",False,False
2026-09-28,MaxMarket,f2df00ee-b88d-4928-a475-f84bd0047b7a,Бисквит Барни молоко 30гр,250.0,"Бисквиты, рулеты",False,False
2026-09-28,MaxMarket,94bd0b2a-0f43-4f1a-ab8f-151bd519f46c,Бисквит Барни банан/йогурт 30гр,250.0,"Бисквиты, рулеты",False,False
2026-09-28,MaxMarket,c80d05eb-237f-461e-9749-e69483b33ffd,Бисквит Барни с молочной начинкой 150г,1760.0,"Бисквиты, рулеты",False,False
2026-09-28,MaxMarket,75f5c238-951f-479f-a8bb-f25236eb91a8,Бисквит Барни банан/йогурт 150гр,1205.0,"Бисквиты, рулеты",False,False
2026-09-28,MaxMarket,294616a7-b048-4088-9d20-df14e68ca1d8,Бисквит Барни шоколад 150г,1300.0,"Бисквиты, рулеты",False,False
2026-09-28,MaxMarket,ee6ed866-35ad-48fc-aaea-c61c18f3537b,Ореховая паста Nutella 180гр ст/б,2125.0,Шоколадная паста,False,False
2026-09-28,MaxMarket,2282d148-6120-4cb0-aaa9-f9eb1c6d58a5,Ореховая паста Nutella 350г ст/б,3620.0,Шоколадная паста,False,False
2026-09-28,MaxMarket,8fbe7d58-53ca-4555-a21d-2c35740ec3c6,Сгущенка Буренка Масло дел 380г ж/б,735.0,Шоколадная паста,False,False
2026-09-28,MaxMarket,4112e0b1-8b3b-4365-b748-dc64c1333dd5,Джем Махеев Малиновый 400гр ст/б,1785.0,Джем,False,False
2026-09-28,MaxMarket,2e59ada5-1adb-4294-9e05-58656592e738,Джем Махеевъ малиновый 300г,980.0,Джем,False,False
2026-09-28,MaxMarket,aef0e200-5d0b-4a20-bc36-66a0f1e3f2ce,Джем Махеев Лимон-Имбирь 400гр ст/б,1785.0,Джем,False,False
2026-09-28,MaxMarket,5c89e572-b890-44b3-a265-4f01f5d5e9da,Джем Махеев Клубничный 400гр ст/б,1675.0,Джем,False,False
2026-09-28,MaxMarket,0cbc8d24-6ae7-4a30-b090-f3e09c0f012b,Мармелад Fruit-tella змеи xxl 70гр,565.0,Мармелад,False,False
2026-09-28,MaxMarket,167bc7a1-6e58-40e0-a2f9-a413f71a46f3,Мармелад Chupa chups страйпсы 150гр,1085.0,Мармелад,False,False
2026-09-28,MaxMarket,5cf9b779-9679-4581-9f89-033039025164,Мармелад ChupaChups Кислые роллсы 70г,600.0,Мармелад,False,False
2026-09-28,MaxMarket,f77315b4-4a4d-4fc6-82e4-fca09e8fa362,Мармелад ChupaChups кислые роллсы Cola 150гр,1085.0,Мармелад,False,False
2026-09-28,MaxMarket,64cce351-3bd5-4c56-8d07-414fac466065,Мармелад Chupa Chups кислые роллсы 150гр,1085.0,Мармелад,False,False
2026-09-28,MaxMarket,46d1bfe2-a7f3-48eb-b76b-0134df0de6d1,Мармелад Haribo Goldbears 80г,765.0,Мармелад,False,False
2026-09-28,MaxMarket,e4630c50-2cd6-4a60-a76e-c6820441afda,Мармелад Chupa Chups Страйпсы Яблоко 120гр,1085.0,Мармелад,False,False
2026-09-28,MaxMarket,78d50665-b559-4b34-8f0f-316358463b3e,Зефир Belucci ванильный 260г,915.0,Мармелад,False,False
2026-09-28,MaxMarket,3f02129d-ad4f-46f1-afdd-d8b03915e24a,*Зефир Рахат глазированный 460г,1825.0,Мармелад,False,False
2026-09-28,MaxMarket,c9d622fb-afdb-4d25-916b-eb88f9358cba,Халва Алматинская подсолнечная 275гр,575.0,"Козинаки, халва",False,False
2026-09-28,MaxMarket,d0457377-f169-43bc-9b1d-31ad3b694ff4,Жев.резинка Orbit White bubblemint 13.6г,300.0,Жевательная Резинка,False,False
2026-09-28,MaxMarket,b58ae63e-cc51-4aee-a4e9-36bfd7bf8962,Жеват.резинка Orbit XXL неж.мята 20.4г,400.0,Жевательная Резинка,False,False
2026-09-28,MaxMarket,b19feefc-6842-49ad-b4c1-81da5e2437a6,Жев.резинка Dirol XXL ассорти фрукт.вкусов 19г,295.0,Жевательная Резинка,False,False
2026-09-28,MaxMarket,72ef2642-bd27-40b1-85d0-57e0fd27aa64,Жевательная резинка Orbit арбуз 13.6г,300.0,Жевательная Резинка,False,False
2026-09-28,MaxMarket,55e45a32-dd6c-488c-b8af-5c9cd8b4d87a,Жев. резинка Orbit класический 13.6г,300.0,Жевательная Резинка,False,False
2026-09-28,MaxMarket,e72beeb8-1ec3-481f-9076-f3db9d5a2f6f,Жев. резинка Mentos виноград 15г,295.0,Жевательная Резинка,False,False
2026-09-28,MaxMarket,2cef41c9-2ef8-4b41-bea3-55c51a81e8d4,Жев.резинка Orbit клубн./банан 13.6г,300.0,Жевательная Резинка,False,False
2026-09-28,MaxMarket,f240899c-d1c5-4124-8802-3584e9df49e0,Жев.резинка Orbit White XXL Bubblemint 20.4г,400.0,Жевательная Резинка,False,False
2026-09-28,MaxMarket,20ed78b1-9a6c-4b7a-9e35-462517c69d1d,Жев.конфеты ChupaChups Chew клубника 47г,530.0,Жевательная Резинка,False,False
2026-09-28,MaxMarket,a72f69c4-52ad-4f84-8a49-b7c9225d3657,Жев.рез. Dirol арбузная свежесть 19г,295.0,Жевательная Резинка,False,False
2026-09-28,MaxMarket,70de964e-0e1d-4731-ba6f-6954eb6c6f69,Жев.резинка Dirol арбузная свежесть 13.6г,165.0,Жевательная Резинка,False,False
2026-09-28,MaxMarket,58866253-a883-45ee-a52d-d824d11d63cc,Леденцы Halls Original 25гр,315.0,Жевательная Резинка,False,False
2026-09-28,MaxMarket,4fb14a93-1d22-4a9c-a76b-b5b64cffd364,Жев. резинка Orbit Cладкая мята XXL 20.4г,400.0,Жевательная Резинка,False,False
2026-09-28,MaxMarket,04f9811b-a0f8-4695-b4ce-4ef8cf7eb51c,Жев.резинка Mentos арбуз 15.5гр,295.0,Жевательная Резинка,False,False
2026-09-28,MaxMarket,ea12da99-b568-44fd-8fd5-1b0d304375fc,Леденцы Halls Cherry 25гр,330.0,Жевательная Резинка,False,False
2026-09-28,MaxMarket,617403ae-1e6d-4e30-bb33-b1727726b31d,Жев. резинка Orbit Winterfresh 13.6г,300.0,Жевательная Резинка,False,False
2026-09-28,MaxMarket,eb2e0fad-884e-47d4-ab69-92167d5a8f97,Жев.резинка Orbit сладкая мята 13.6г,300.0,Жевательная Резинка,False,False
2026-09-28,MaxMarket,d4c2e1ad-553b-4b40-abce-5aab5cb67a9f,"Жев. резинка Orbit Нежная мята 13,6гр",300.0,Жевательная Резинка,False,False
2026-09-28,MaxMarket,21f0f25a-dd6a-47c6-84c7-2eb9be15c313,Жев.конфеты ChupaChups Chew кола 47г,545.0,Жевательная Резинка,False,False
2026-09-28,MaxMarket,562d8510-7dda-41b4-a194-578613741c23,"Леденцы Halls мед/лимон 25,2гр",315.0,Жевательная Резинка,False,False
2026-09-28,MaxMarket,5f5592cd-4c02-401e-98e5-5106937677c2,Леденцы Halls Extra Strong 25.2гр,330.0,Жевательная Резинка,False,False
2026-09-28,MaxMarket,547d4e49-c581-4021-8395-3dd9da9e3690,Жев. рез. Dirol ледяная мята б/сахара 13.6гр,165.0,Жевательная Резинка,False,False
2026-09-28,MaxMarket,24330a43-d51c-45e6-9ace-ad80b694fcf9,Жев.резинка Dirol white 13.6г,250.0,Жевательная Резинка,False,False
2026-09-28,MaxMarket,cea5cc6f-bc62-4459-b375-710188c05c4d,"Конфеты Halls Mini Mints б/сахара 12,5г",375.0,Жевательная Резинка,False,False
2026-09-28,MaxMarket,d065f201-84c5-42d2-8c19-168b5d5b3231,Бананы,1070.0,Фрукты,False,False
2026-09-28,MaxMarket,2345e586-0e51-499c-ba11-372743ba09c2,Помидоры тепличные,925.0,Фрукты,False,False
2026-09-28,MaxMarket,8b226f43-d253-46be-b2a6-253030b9478b,Лук репчатый,195.0,Фрукты,False,False
2026-09-28,MaxMarket,a3f8b4a0-6420-49fa-a3f4-90cd2598b4ff,Морковь,360.0,Фрукты,False,False
2026-09-28,MaxMarket,a5caca52-1808-4bc8-a9b2-0c710d3fcb30,Огурцы,480.0,Фрукты,False,False
2026-09-28,MaxMarket,dd0c52e4-c4f5-4ddc-9c52-41d756b79ba6,Яблоки красные,705.0,Фрукты,False,False
2026-09-28,MaxMarket,a7bc7942-71d2-41eb-bbba-8ac85abf128c,Яблоки зеленые,705.0,Фрукты,False,False
2026-09-28,MaxMarket,08cc9e18-8712-49fc-9b00-72b25d00733c,Листья Салата шт,600.0,Фрукты,False,False
2026-09-28,MaxMarket,f2fb0228-0df9-4bbc-ae3f-f7119eee98d8,Киви,1260.0,Фрукты,False,False
2026-09-28,MaxMarket,e2685976-e106-47c1-b1db-4bc73a15e8ee,Зелень смешанная,240.0,Фрукты,False,False
2026-09-28,MaxMarket,3e2bc12e-0e1f-4588-b12d-bff649535561,Картофель,315.0,"Картофель, батат",False,False
2026-09-28,MaxMarket,4a312267-91ac-47e5-8ead-ac753fb3ff5e,Болгарский перец,530.0,"Перец, баклажаны, кабачки",False,False
2026-09-28,MaxMarket,fe1daad9-a0a6-4095-b2b9-281c208d298d,Пюре Агуша груша 90г,565.0,Смеси,False,False
2026-09-28,MaxMarket,8ae9cd7b-f5e8-4229-8cf9-1a21dfd36aef,Вода и сок Агуша яблоко/вишня 0.3л,720.0,Смеси,False,False
2026-09-28,MaxMarket,0e6a9e7e-6c42-4b79-9cf1-cf297a58b7ff,Вода и сок Агуша садовые ягоды 0.3л,675.0,Смеси,False,False
2026-09-28,MaxMarket,cafe2b43-03b3-41c4-b079-92d564ebc097,Вода детская Агуша 0.33л,440.0,Смеси,False,False
2026-09-28,MaxMarket,2180f2c7-f28c-430d-a495-4ecdbbd052f2,Вода и сок Агуша яблоко/виноград 0.3л,675.0,Смеси,False,False
2026-09-28,MaxMarket,6bd17309-0011-410b-919e-a456a1d33d07,Хлебцы Агуша ягодное ассорти 30г,575.0,Смеси,False,False
2026-09-28,MaxMarket,8edd694e-b95a-46b3-8ec7-5b6a9f3a586e,Пюре Агуша яблоко/ежевика/малина 90г,555.0,Смеси,False,False
2026-09-28,MaxMarket,8f6b8d0a-0137-4466-b1c0-ae1952d3bb44,Сок Агуша груша 0.2л,450.0,Смеси,False,False
2026-09-28,MaxMarket,63268dec-0138-48a5-b946-2abf76ee036d,Пюре Агуша мультифрукт 90г,555.0,Смеси,False,False
2026-09-28,MaxMarket,62bc6b5f-e8b3-468d-9eec-a6b0cd274eb1,Хлебцы Агуша груша 30г,590.0,Смеси,False,False
2026-09-28,MaxMarket,98e6ebed-bfce-4290-b197-f3b63197e75b,Пюре Агуша яблоко/груша/банан/манго 90г,565.0,Смеси,False,False
2026-09-28,MaxMarket,67453b88-113e-4913-bf01-cf0110504754,Сок Агуша яблоко осветленное 0.2л,450.0,Смеси,False,False
2026-09-28,MaxMarket,d331fa48-aa6b-4baf-91da-a63670e253f0,Пюре Агуша яблоко/банан/клубника/киви 90г,555.0,Смеси,False,False
2026-09-28,MaxMarket,8fce7c3f-1bbc-4d9e-a463-cc6916519f6b,Пюре Агуша яблоко 90г,565.0,Смеси,False,False
2026-09-28,MaxMarket,787d0ea9-5d3e-4594-80f3-007f0628f2b7,Вода и сок Агуша яблоко 0.3л,675.0,Смеси,False,False
2026-09-28,MaxMarket,9d96f2b2-00df-4d57-8b2d-850ecdaa493b,Детское питание Nestle NAN Optipro premium №1 400г ж/б,6505.0,Смеси,False,False
2026-09-28,MaxMarket,e3151ea6-f75f-4c1c-bb00-82db3919d43c,Сок Агуша яблоко с мякотью 0.2л,450.0,Смеси,False,False
2026-09-28,MaxMarket,77d46ccc-dfc1-4e12-bf67-b22d6cf22c55,Сок Агуша яблоко/персик с мякотью 0.2л,450.0,Смеси,False,False
2026-09-28,MaxMarket,c40e5c9f-c205-46e0-9fd4-a84f13d798e5,Хлебцы Здорово в молоч.шоколаде 200гр,975.0,Смеси,False,False
2026-09-28,MaxMarket,6c8fa7db-880a-4908-aa20-4d225b95802b,Детское питание Nestle NAN Optipro №3 premium 400г ж/б,7645.0,Смеси,False,False
2026-09-28,MaxMarket,2b424b32-8f76-4e9d-ba1e-4e5ce4ac0478,Детское питание Nestle NAN Optipro premium №2 400г ж/б,6505.0,Смеси,False,False
2026-09-28,MaxMarket,c9186fb3-1a65-46ec-9b7a-e6b955ad85d4,Детское питание Nestle NAN Optipro №3 800г ж/б,12200.0,Смеси,False,False
2026-09-28,MaxMarket,a09953c9-b602-48ec-8440-d735abc0ebba,Детское питание Nestle NAN Optipro №1 800г ж/б,9675.0,Смеси,False,False
2026-09-28,MaxMarket,07aa35cf-c130-4fa3-bf56-ad9ee42105b0,Масло Маслозавод подсолнечное 1л,1170.0,Фруктовое пюре,False,False
2026-09-28,MaxMarket,db9e4d42-9178-4130-b814-0d185ccbbd80,Пюре Агуша яблоко/клубника/малина 90г,555.0,Фруктовое пюре,False,False
2026-09-28,MaxMarket,35baf6cb-a4fa-44a4-bdee-a4727e0db33e,Пюре Агуша яблоко/персик 90г,555.0,Фруктовое пюре,False,False
2026-09-28,MaxMarket,66d65fba-f821-4a98-a208-f38364187ada,Кофе растворим. Jardin Gold 95гр ст/б,4645.0,Фруктовое пюре,False,False
2026-09-28,MaxMarket,be5f12d3-52b9-4c05-bc4e-d5c6ea2d8abd,Кукла в коробке София 1шт,690.0,Игрушки,False,False
2026-09-28,MaxMarket,31b76beb-f580-449a-b344-d65567377fb0,Слайм Лапки Орео,560.0,Игрушки,False,False
2026-09-28,MaxMarket,68c0981b-4374-439e-af95-6ab65b2cf2e6,Машина железная BMW 8х 24271,7525.0,Игрушки,False,False
2026-09-28,MaxMarket,41c3698c-cbf6-4767-9902-a1ac8d641d7f,Мяч Губка Цифры,475.0,Игрушки,False,False
2026-09-28,MaxMarket,a32faa47-e6a3-4944-8250-a240f34d0fed,Кукла May May малыши 201 8002b,2175.0,Игрушки,False,False
2026-09-28,MaxMarket,af3004a0-1be1-402d-af5c-75e14902dedc,Кукла Fei Ni Qi в коробке 8880-17 8011,4830.0,Игрушки,False,False
2026-09-28,MaxMarket,42c8a341-d0d0-4b38-a1aa-4449a5e6ecce,Мальчик на велосипеде заводная 958,1380.0,Игрушки,False,False
2026-09-28,MaxMarket,ee7a5065-564d-4874-8d77-57fedc070ea7,Камаз Пожарники 8801,5750.0,Игрушки,False,False
2026-09-28,MaxMarket,a1642dba-e675-4546-8838-fd2a22f97c15,Подгузники Мама Знает(4) L-52шт,8565.0,Подгузники,False,False
2026-09-28,MaxMarket,078dfdc5-0a07-47f3-bbd1-66e8aff6f0af,Подгузники Мама Знает XL (5) 44шт/уп,8565.0,Подгузники,False,False
2026-09-28,MaxMarket,917cbcf8-1600-42ce-95ac-fe269c59491a,Тетрадь общая 96 листов в клетку,335.0,"Ручки, карандаши, фломастеры, замазки",False,False
2026-09-28,MaxMarket,39a1e9ef-3d05-41a8-9fb2-92a63db5c358,Тетрадь 12 листов в клетку,50.0,"Ручки, карандаши, фломастеры, замазки",False,False
2026-09-28,MaxMarket,e137d914-3073-4544-ad33-727080879ebe,Тетрадь 12 листов в линейку,50.0,"Ручки, карандаши, фломастеры, замазки",False,False
2026-09-28,MaxMarket,390ebc93-1c81-4697-837f-12d530d1cd05,Точилка для карандашей,225.0,"Ручки, карандаши, фломастеры, замазки",False,False
2026-09-28,MaxMarket,bf2dc459-41cc-4bc6-9565-97dc11e98e1d,Клей карандаш 8гр кит,160.0,"Ручки, карандаши, фломастеры, замазки",False,False
2026-09-28,MaxMarket,eda71d9c-fd12-4da3-9312-adc6c7623e1f,Цветная бумага и картон 20л,450.0,"Ручки, карандаши, фломастеры, замазки",False,False
2026-09-28,MaxMarket,fd12a379-0d78-45c7-9c66-d6b91bdd30c2,Кисточки для краски 6шт,625.0,"Ручки, карандаши, фломастеры, замазки",False,False
2026-09-28,MaxMarket,b6f4f214-4a4a-4b10-a8aa-ae67ad4282db,Тетрадь 12 листов в мелкую линейку,50.0,"Ручки, карандаши, фломастеры, замазки",False,False
2026-09-28,MaxMarket,20a2cdd4-7786-42a3-af94-e983d634a5b3,Цветная бумага двухстороняя 16л,215.0,"Ручки, карандаши, фломастеры, замазки",False,False
2026-09-28,MaxMarket,4ed13375-82fe-4dbe-a8cb-8e5b1a9b49e9,Бумага SvetoCopy Classic А4,3560.0,"Ручки, карандаши, фломастеры, замазки",False,False
2026-09-28,MaxMarket,af2abe85-6639-4505-b898-8cb6ad966eef,Ластик Мопед,55.0,"Ручки, карандаши, фломастеры, замазки",False,False
2026-09-28,MaxMarket,57769972-ec14-4b86-abe4-2ceea08684a5,Замазка белая,220.0,"Ручки, карандаши, фломастеры, замазки",False,False
2026-09-28,MaxMarket,da01d94c-6473-4440-80b2-f6027c5150c0,Карандаши простые 12шт,375.0,"Ручки, карандаши, фломастеры, замазки",False,False
2026-09-28,MaxMarket,14a82aea-f65a-4d40-96ea-aa854362a113,Ножницы канцелярские,375.0,"Ручки, карандаши, фломастеры, замазки",False,False
2026-09-28,MaxMarket,078f85e1-10bd-413e-8011-c2cbc3755486,Краски акварельные 12 цветов,675.0,"Ручки, карандаши, фломастеры, замазки",False,False
2026-09-28,MaxMarket,4e7f4539-9d81-41eb-b034-162dbaa1c9e5,Корм Whiskas гов./ягнен. желе 75гр,305.0,Корм для кошек,False,False
2026-09-28,MaxMarket,2c03144c-b86a-4daf-b75c-741173b469dc,Корм Kitekat сух. телятина аппетитная 350г,995.0,Корм для кошек,False,False
2026-09-28,MaxMarket,04837ce3-875a-4602-9252-feff1b7895ea,Корм Whiskas курица рагу 75гр,305.0,Корм для кошек,False,False
2026-09-28,MaxMarket,75b97910-a2ba-4e86-838d-9ee03ff6fdf5,Корм Whiskas для кошек говядина стериль 350г,1525.0,Корм для кошек,False,False
2026-09-28,MaxMarket,4c3c20b4-5fe3-4406-805d-dd831cbdc8c0,Корм Kitekat говядина желе 85г,275.0,Корм для кошек,False,False
2026-09-28,MaxMarket,3ad6eaa6-d82b-4e15-90c4-f62bee21724a,Энергетик Gorilla Ultimate 0.45л ж/б,635.0,Топ недели,False,False
2026-09-28,MaxMarket,93ee9cf8-dd0a-46e2-b3dc-757f19cb008b,Котлеты Tez-Tez говяжьи 10шт/уп,4465.0,"Из говядины, баранины и конины",False,False
2026-09-28,MaxMarket,84c6ad32-d52f-414c-b4b0-f0f2241475b6,Сибас Elite Fish замороженный б/чешуи 400гр,8740.0,"Из говядины, баранины и конины",False,False
2026-09-28,MaxMarket,39c656e0-7476-4064-b3b0-26994bec9822,Наггетсы куриные Мираторг классич. 300г,1530.0,Из птицы,False,False
2026-09-28,MaxMarket,05eb209b-b90e-4d58-a940-6f093f787449,Смесь Vici гавайская с рисом 400гр,1405.0,Овощи замороженные,False,False
2026-09-28,MaxMarket,aff3b2d3-a07b-4c05-85da-b89c77a55a00,Стручковая фасоль VICI 400г,820.0,Овощи замороженные,False,False
2026-09-28,MaxMarket,86e9f582-69cc-49e4-a97b-4bc08a94a06a,Компотная смесь VICI 300г,1620.0,Овощи замороженные,False,False
2026-09-28,MaxMarket,f2ebf4f1-8812-4c15-8495-28debfb886d3,Брокколи VICI 400гр,1405.0,Овощи замороженные,False,False
2026-09-28,MaxMarket,f83ce319-2cff-4d26-9f28-a51469feb110,Фасоль стручковая Bauer 400г,1120.0,Овощи замороженные,False,False
2026-09-28,MaxMarket,828f6a32-72c7-4b1f-b350-b1cf1bc5314a,Мороженое Ностальгия клубн. ведро 500г,1800.0,Сливочное и молочное мороженое,False,False
2026-09-28,MaxMarket,85ca56f7-40f0-4682-91c3-734df2a6d313,Мороженое Bahroma Чизкейк/Черное печенье 320гр,3960.0,Сливочное и молочное мороженое,False,False
2026-09-28,MaxMarket,560352c3-e405-496f-ba41-b22498eede72,Мороженое Bahroma Медовик 320гр,3960.0,Сливочное и молочное мороженое,False,False
2026-09-28,MaxMarket,7f40fdd1-3728-438e-b368-13f2ea98836b,Мороженое Snickers батончик 48гр,805.0,Сливочное и молочное мороженое,False,False
2026-09-28,MaxMarket,5e71b0d0-9ad9-43d9-8ba7-ff5a9b767073,Мороженое Bahroma Прага молочный шоколад 320гр,3960.0,Сливочное и молочное мороженое,False,False
2026-09-28,MaxMarket,457dcf9e-1e73-4f8c-ac85-54b4b2325bed,Мороженое Twix батончик 48г,805.0,Сливочное и молочное мороженое,False,False
2026-09-28,MaxMarket,3d5d9648-91ed-45a6-b297-1a554185bff6,Мороженое Магнат Mini Cookie 6шт/уп,5245.0,Сливочное и молочное мороженое,False,False
2026-09-28,MaxMarket,a9049ff7-d33d-4dfd-9f1b-d2a681b01133,Мороженое Десерт Гроспирон Прага 140гр,1140.0,Сливочное и молочное мороженое,False,False
2026-09-28,MaxMarket,a26a1012-d4fc-44de-8013-55bc49ff1bf4,Сосиски Salima из индейки 340гр,840.0,"Пельмени, вареники",False,False
2026-09-28,MaxMarket,00def6a2-b0bd-415f-81e4-cfa55ba0c196,Пельмени Добрые малышки 350гр,1055.0,"Пельмени, вареники",False,False
2026-09-28,MaxMarket,c2b3efa4-bb7d-49d3-9148-0a3f4efc7199,Вареники Деревенские с картофелем дом.,985.0,"Пельмени, вареники",False,False
2026-09-28,MaxMarket,9a02fc13-ff14-438a-96b7-ce03a548dc3c,Вареники Tez Tez с картофелем 500гр,1565.0,"Пельмени, вареники",False,False
2026-09-28,MaxMarket,d828606c-fc80-46ef-8afb-35aeaad1620c,Пельмени Деревенские с говядиной дом.,1970.0,"Пельмени, вареники",False,False
2026-09-28,MaxMarket,11c1d855-cb6b-4584-b234-a6ca79369ac7,Тесто Хваленое слоеное бездрожжевое 800гр,1265.0,"Пельмени, вареники",False,False
2026-09-28,MaxMarket,3a0f5daf-02cb-4ea5-a11a-302d18eedc43,Вареники Деревенские картофель/грибы дом.,1225.0,"Пельмени, вареники",False,False
2026-09-28,MaxMarket,285c8ac2-1a45-4f54-a730-149a71c41a86,Вареники Ленгерские 700гр,1245.0,"Пельмени, вареники",False,False
2026-09-28,MaxMarket,c7c20a0d-f9ac-4181-92ee-006f54c0099e,Бульмени Tez Tez 500гр,2360.0,"Пельмени, вареники",False,False
2026-09-28,MaxMarket,80df45af-a3ba-406e-a314-0230ace49d7e,Тесто Филло 500гр,2130.0,Тесто,False,False
2026-09-29,MaxMarket,490f130f-fd42-4685-8c88-510fdb028e1f,*ЛБП Buldak Carbonara 140г,1120.0,Лапша Быстрого Приготовления,False,False
2026-09-29,MaxMarket,d6eb98b2-4175-4c7d-8446-79b7a6f3eb15,ЛБП Ramen Samyang 120гр,920.0,Лапша Быстрого Приготовления,False,False
2026-09-29,MaxMarket,37fea6c8-659f-4a04-b688-06f250d85667,ЛБП Doshirak Чан Рамен острая 120г,610.0,Лапша Быстрого Приготовления,False,False
2026-09-29,MaxMarket,c7f49de0-00d6-49f1-86fe-095d32503030,ЛБП Big Bon курица/сальса 75г,225.0,Лапша Быстрого Приготовления,False,False
2026-09-29,MaxMarket,152cf5ee-0838-4b7f-9973-fbd6820ffdf0,ЛБП Buldak Quatro cheese Ramen 145г,1120.0,Лапша Быстрого Приготовления,False,False
2026-09-29,MaxMarket,ef8b3523-f42c-4da3-ac30-ccc67114161e,ЛБП Doshirak Чан Рамен без приправы 120г,625.0,Лапша Быстрого Приготовления,False,False
2026-09-29,MaxMarket,ff98519b-1fc2-4de2-9523-c2efb54907f1,ЛБП Роллтон куриный 60гр,165.0,Лапша Быстрого Приготовления,False,False
2026-09-29,MaxMarket,452a4176-f053-4d8e-852f-5508bdb691a2,ЛБП Samyang cheese 120гр,1150.0,Лапша Быстрого Приготовления,False,False
2026-09-29,MaxMarket,a1b16bce-04a8-4692-a5c3-69399353c948,ЛБП Роллтон по-домашнему куриный лоток 90г,400.0,Лапша Быстрого Приготовления,False,False
2026-09-29,MaxMarket,7ada47ea-10c2-4175-8d7a-bf0d1fc4c1a3,ЛБП Роллтон по-домашнему курин. 85гр,230.0,Лапша Быстрого Приготовления,False,False
2026-09-29,MaxMarket,38918653-c053-49b4-9ac0-c2725569707f,ЛБП Чан Рамен Super Spicy 120гр,625.0,Лапша Быстрого Приготовления,False,False
2026-09-29,MaxMarket,e1be1ffa-91c6-4066-acbb-6431b4f9a746,ЛБП Роллтон по-домашнему кур.остр.лот. 90гр,400.0,Лапша Быстрого Приготовления,False,False
2026-09-29,MaxMarket,4bac8c7a-a5a9-4166-a9d9-9cbe6b161bde,ЛБП Мастер Кан 7 пряных перцев 95г,410.0,Лапша Быстрого Приготовления,False,False
2026-09-29,MaxMarket,22d26d56-c4fa-41f7-8fb1-ecc590957c0e,ЛБП Doshirak Чан Рамен Cheese 120г,755.0,Лапша Быстрого Приготовления,False,False
2026-09-29,MaxMarket,80ec8cbe-fefc-4563-a2b4-328281814387,ЛБП BigBon острая говядина 75г,225.0,Лапша Быстрого Приготовления,False,False
2026-09-29,MaxMarket,57130763-d0f0-4bfe-8803-82ae794f03c9,ЛБП Роллтон по-домашнему гов.остр.лот. 90гр,405.0,Лапша Быстрого Приготовления,False,False
2026-09-29,MaxMarket,68be78ff-61c9-409a-9093-fcd801a5322e,ЛБП Big Bon томатный с базиликом 75г,225.0,Лапша Быстрого Приготовления,False,False
2026-09-29,MaxMarket,f36688e8-1917-46cd-adc5-494c0bd9f6c1,ЛБП Роллтон со вкусом говядины 60гр,150.0,Лапша Быстрого Приготовления,False,False
2026-09-29,MaxMarket,44c8c8b6-4c9d-451d-8eeb-0cd00eadf4d7,ЛБП Роллтон по-домашнему остр.кур. 85гр,240.0,Лапша Быстрого Приготовления,False,False
2026-09-29,MaxMarket,d8f9936b-d3e2-485f-a913-dc17181ccfa0,ЛБП Роллтон по-домашнему с говядиной 85г,230.0,Лапша Быстрого Приготовления,False,False
2026-09-29,MaxMarket,6382583f-ee64-4905-8962-e7fea097beba,ЛБП Ролтон по-домашнему острая говядина 85г,240.0,Лапша Быстрого Приготовления,False,False
2026-09-29,MaxMarket,56f82c2f-fd18-4db0-b215-e426870c7eec,Чай Piala Gold черный Кения 25шт,625.0,Чай,False,False
2026-09-29,MaxMarket,69a7aa2c-36e5-4597-9fd9-2838b6d48c09,Чай Tess Pleasure черный 100г,1005.0,Чай,False,False
2026-09-29,MaxMarket,d8ba647c-5df1-4b35-995b-4e286ee73f9b,Шоколад MacChocolate раств. 20г,130.0,Чай,False,False
2026-09-29,MaxMarket,807bcb29-edd2-4e95-8a28-e461ba4649e0,Чай Ahmad Tea Классический 100гр,890.0,Чай,False,False
2026-09-29,MaxMarket,ddfd1679-0de5-4684-96a7-6352d890c469,Чай Lipton мята пирамидки 20шт,990.0,Чай,False,False
2026-09-29,MaxMarket,b26f44ef-67fd-462a-ac33-563c2c1d6f22,Чай Tess Lime зелен. 100гр,1315.0,Чай,False,False
2026-09-29,MaxMarket,d83be246-b947-4a66-aa84-5cc024e35f7a,Чай Piala Gold черн. вечерний 25шт пакет.,635.0,Чай,False,False
2026-09-29,MaxMarket,e76dcce5-829a-4ca6-846b-943f5326c74a,*Кофе MacCoffee 3в1,110.0,Кофе,False,False
2026-09-29,MaxMarket,1f83537d-3610-4297-a41e-9799beda1d1e,Кофе Jacobs Monarch 3 в 1 лес.орех 15гр,145.0,Кофе,False,False
2026-09-29,MaxMarket,40d6489b-86b5-443e-8889-f2dde7016d94,Кофе Jacobs 3в1 карамель латте 12.5гр,130.0,Кофе,False,False
2026-09-29,MaxMarket,f9e0d1de-50b0-42b7-b217-4ae83aa54853,Чай Mac Tea 3в1/18г,125.0,Кофе,False,False
2026-09-29,MaxMarket,af228894-a530-43b1-a7b5-67586f448d1a,Напиток Maccoffee milk coffee drink 240мл ж/б,820.0,Кофе,False,False
2026-09-29,MaxMarket,b914fc4a-fe01-4fef-96d2-58c9e6a4a917,Кофе раств. Jacobs Monarch сублим. 47.5г,2400.0,Кофе,False,False
2026-09-29,MaxMarket,44dc1e3f-31ca-4a79-b981-1dffb161617b,Кофе Принц лебо Арабика,1530.0,Кофе,False,False
2026-09-29,MaxMarket,7e7426da-05d3-4642-83a3-1ec27fadcbdc,Кофе Якобс 3 в 1 Карамель Латте 17 гр,230.0,Кофе,False,False
2026-09-29,MaxMarket,87b81475-1321-4f70-b284-e04ee1fbc6e8,Кофе Jacobs 3 в 1 каппучино 12.5гр,130.0,Кофе,False,False
2026-09-29,MaxMarket,24c67c39-4906-413b-88de-52f63f4a951e,Кофе Jacobs iced latte salted caramel 21.3гр,285.0,Кофе,False,False
2026-09-29,MaxMarket,67b57960-8b4f-472d-b7aa-1ba7d8ea3a5e,Кофе Jacobs Monarch 130гр,6155.0,Кофе,False,False
2026-09-29,MaxMarket,b87c9f8f-a5ad-4629-8364-7706668c0898,Кофе Jacobs Monarch 3 в 1 карамель 15гр,150.0,Кофе,False,False
2026-09-29,MaxMarket,4407ad45-149b-4588-9d22-ae2360b729ea,Кофе Жокей для турки 200г мяг/уп,3630.0,Кофе,False,False
2026-09-29,MaxMarket,1db92464-cedc-4b95-885f-4ec0e45bfcea,Кофе Jacobs milka/cappucсino 3в1 18г,280.0,Кофе,False,False
2026-09-29,MaxMarket,d09f9cb3-20bb-490b-b26d-946de363b30e,Какао BabyFox быстрораств. 135г,710.0,Кофе,False,False
2026-09-29,MaxMarket,a5bc5638-2ee1-4d3a-a374-2e19a7d4c124,Кофе раств. Jacobs Monarch сублим. 75г,3625.0,Кофе,False,False
2026-09-29,MaxMarket,a2db3d17-930d-4dc6-b7e6-9e86d90518c9,"Кофе Якобс 3 в 1 Каппучино 17,5 гр",230.0,Кофе,False,False
2026-09-29,MaxMarket,065b5070-c080-4a8e-85fb-57f1d06a6ce9,Кофе Jacobs Monarch 220гр,8340.0,Кофе,False,False
2026-09-29,MaxMarket,8f902604-621b-4b96-acfb-23589fa87c91,Кофе раств. Jacobs Monarch сублим. 500г,16355.0,Кофе,False,False
2026-09-29,MaxMarket,d3b5473e-9dcd-4101-bd77-16110ad11451,Чай Mac tea малина 18г,125.0,Кофе,False,False
2026-09-29,MaxMarket,1fe69621-707d-488a-a632-38a2f5a23670,*Мука Дани-Нан 2кг,1360.0,Мука,False,False
2026-09-29,MaxMarket,541a2195-270d-429e-b3aa-461e7cc6ad3b,Мука Дани-нан в/с 3кг,2105.0,Мука,False,False
2026-09-29,MaxMarket,0cceecbb-21b8-413a-98de-bbb005e9702c,Мука Царь в/с 2кг,1160.0,Мука,False,False
2026-09-29,MaxMarket,2fcae8e5-02a9-44cc-8a25-7b1ba973674c,Мука Makfa обогощенная 2кг,1150.0,Мука,False,False
2026-09-29,MaxMarket,a3fca359-2b13-4337-9b70-62b9eb5bc34e,Мука Дани-нан в/с 5кг,3510.0,Мука,False,False
2026-09-29,MaxMarket,c100e518-5005-4bd7-8145-20732cfd1b72,Огурцы Aydinov маринованые 1л,950.0,Овощные консервы,False,False
2026-09-29,MaxMarket,d36edc38-221e-4489-9742-a0b9174066d5,Огурцы маринованные 3 желания 720мл,1390.0,Овощные консервы,False,False
2026-09-29,MaxMarket,65f44fa1-f0c7-4e23-ba80-7b5d158131e7,Кукуруза Bonduelle молодая 425г,1290.0,Овощные консервы,False,False
2026-09-29,MaxMarket,2387d5df-f02c-4274-af3c-bb047fd716a3,Кукуруза 3 желания 340гр,850.0,Овощные консервы,False,False
2026-09-29,MaxMarket,c1d77c8a-b03a-4746-84eb-036d90f0a665,Горошек Bonduelle зеленый 212г ж/б,795.0,Овощные консервы,False,False
2026-09-29,MaxMarket,07b603fb-ca11-457e-86a3-668628d3cdeb,Корнишоны Bonduelle маринованные 580мл ст/б,1865.0,Овощные консервы,False,False
2026-09-29,MaxMarket,d96f81c3-ba46-4165-976c-fbe95017dac9,Фасоль красная Bonduelle ж/б 400г,1220.0,Овощные консервы,False,False
2026-09-29,MaxMarket,be1ae48b-8baa-48cd-a38b-7e7f568efcd6,Кукуруза Bonduelle сладкая 425мл,1435.0,Овощные консервы,False,False
2026-09-29,MaxMarket,dad4341c-20cd-4a4a-ab36-342e0d0f3857,Огурцы маринов.Bonduelle 720мл,1975.0,Овощные консервы,False,False
2026-09-29,MaxMarket,a5b183a4-f7ea-4fdb-908f-b689abd05859,Икра Marinelle кабачковая нежная 500мл ст/б,1495.0,Овощные консервы,False,False
2026-09-29,MaxMarket,9786a1a0-3710-46be-9ffb-030e9d0df34c,Перец Yakamoz халапеньо 350мл,1895.0,Овощные консервы,False,False
2026-09-29,MaxMarket,6b33af19-3e4e-462b-a418-2a6888e74c52,Горошек зеленый 3 желания 350гр,840.0,Овощные консервы,False,False
2026-09-29,MaxMarket,36367f3b-1e8c-4a00-84c1-b8fb4ce74302,Маслины Bonduelle без косточки 300г,1290.0,Овощные консервы,False,False
2026-09-29,MaxMarket,b0d7201f-eae1-428c-8439-3ccbfa67bdf5,Икра Marinelle баклажановая нежная 500мл ст/б,1495.0,Овощные консервы,False,False
2026-09-29,MaxMarket,b5e5a480-d034-48a6-8ff5-4499159fbba7,Оливки Bonduelle без косточки 300г,1745.0,Овощные консервы,False,False
2026-09-29,MaxMarket,87407b7c-7bdf-482a-8526-88d44d84957f,Грибы Вешенки домашние маринованые 1л,2040.0,Овощные консервы,False,False
2026-09-29,MaxMarket,3e94674e-9da5-429c-873c-2508c465c16d,Огурцы Marinelle деликатесные 1л 9-12см,1620.0,Овощные консервы,False,False
2026-09-29,MaxMarket,7a1f737c-90d3-4a55-8c26-0f5c3404460b,Горошек зеленый Bonduelle нежный 425мл,1205.0,Овощные консервы,False,False
2026-09-29,MaxMarket,992a15cb-3afa-44ca-8796-314b2c7d6fd7,Горошек Globus зелен.245г,895.0,Овощные консервы,False,False
2026-09-29,MaxMarket,6c6dec1b-fd5b-4453-8a37-27636b2244d5,Оливки Bonduelle с косточкой 300г,1530.0,Овощные консервы,False,False
2026-09-29,MaxMarket,c0a43481-3aaf-4c5a-b2c5-0dfbd2043a80,Перец Yakamoz острый 720мл,2830.0,Овощные консервы,False,False
2026-09-29,MaxMarket,3a29d491-558e-4047-b151-1af455348fac,Закусочка Дядя Ваня по-тоскански 460г ст/б,1610.0,Овощные консервы,False,False
2026-09-29,MaxMarket,301612ef-d32e-4608-83c1-58e2e721efb0,Кукуруза Дядя Ваня консервированная 425мл,895.0,Овощные консервы,False,False
2026-09-29,MaxMarket,87f8b7e6-3216-4264-92a4-1503bc7069e7,Горошек зеленый Дядя Ваня консервированый 400г,860.0,Овощные консервы,False,False
2026-09-29,MaxMarket,79fb11f1-b699-4864-82f3-8afc7ff9e3df,Фасоль Дядя Ваня печеная по-домашнему 480г ст/б,1590.0,Овощные консервы,False,False
2026-09-29,MaxMarket,0d2648c2-e46f-4265-bda4-1e6fd73a19a2,Лечо Дядя Ваня Закарпатское 680мл,1665.0,Овощные консервы,False,False
2026-09-29,MaxMarket,e770c521-eb59-4f55-b874-5a23a538b90b,Говядина Улан тушеная 1/с 325г ж/б,1285.0,Мясные консервы,False,False
2026-09-29,MaxMarket,eb65bcc2-f6d1-43a7-874e-d89921911af4,Паштет Hame с индейкой 75гр,620.0,Мясные консервы,False,False
2026-09-29,MaxMarket,829c7513-38af-4348-941e-4c570f1cb3ac,Говядина Кублей Premium тушеная в/с 325г,2230.0,Мясные консервы,False,False
2026-09-29,MaxMarket,6c260cf0-4dab-41a1-a9e0-e7c4ed8a368e,Говядина Улан новин. тушеная 325гр,1850.0,Мясные консервы,False,False
2026-09-29,MaxMarket,49672814-267d-413d-b1c1-6297d2479121,Казы Кублей с ключом 325гр,2095.0,Мясные консервы,False,False
2026-09-29,MaxMarket,17243d3e-44b9-4320-9605-cf488c4b3ae1,Паштет Hame из мяса птицы с паприкой 130гр,780.0,Мясные консервы,False,False
2026-09-29,MaxMarket,4636d7e0-f244-41f2-b3a7-b65426baeb60,Конина Улан тушеная 325гр,1505.0,Мясные консервы,False,False
2026-09-29,MaxMarket,7c76a6c3-51e5-47f2-95f2-5f75c4bb8d97,Каша перлов. с говяд. Кублей 325гр,930.0,Мясные консервы,False,False
2026-09-29,MaxMarket,12a3e5f2-b899-446b-ab13-818b802068f3,Сельдь Кублей в масле 240гр,1095.0,Рыбные Консервы,False,False
2026-09-29,MaxMarket,a0635292-e557-427a-91d0-56a4bca36429,Килька За родину в томат.соусе 240г,1070.0,Рыбные Консервы,False,False
2026-09-29,MaxMarket,8aa43183-2f56-487b-b040-f8b26218a26f,Скумбрия За Родину в томат.соусе 185г,1635.0,Рыбные Консервы,False,False
2026-09-29,MaxMarket,52684ce2-2ba4-4c14-8889-92d0fcbb3197,Шпроты За Родину в масле 160г,1620.0,Рыбные Консервы,False,False
2026-09-29,MaxMarket,64e72ec7-11d5-4834-a03d-33b227e00b2f,Сайра Барс копченая в масле 190гр,2545.0,Рыбные Консервы,False,False
2026-09-29,MaxMarket,1909670b-a333-485e-9f34-36523e9ac093,Сельдь Барс атлантическая в томат.соусе 250гр,1510.0,Рыбные Консервы,False,False
2026-09-29,MaxMarket,31453612-20e3-478f-add7-1a7ca423a65c,Шпроты За Родину в масле 175г,1935.0,Рыбные Консервы,False,False
2026-09-29,MaxMarket,b2bd0a8e-4633-4e26-92c1-8cbec660bbda,Шампиньоны Bonduelle маринованные 350мл,1395.0,Грибные консервы,False,False
2026-09-29,MaxMarket,f9d4ee71-bd7a-4f53-a1b4-ba9461c8eb54,Маслины ITLV черные без косточки 370мл,1970.0,"Оливки, маслины, каперсы",False,False
2026-09-29,MaxMarket,fdc1f403-51ba-494a-ad6b-01aaf473caa8,Оливки Bonduelle Мансанилья с анчоусом 314мл,1820.0,"Оливки, маслины, каперсы",False,False
2026-09-29,MaxMarket,295d1b0b-c009-4824-b90b-807308b27125,Оливки Bonduelle Мансанилья с лимоном 314мл,1820.0,"Оливки, маслины, каперсы",False,False
2026-09-29,MaxMarket,b30649bc-8074-42dd-bc68-b85b5b1b67f1,Оливки Bonduelle б/косточки 212мл,1215.0,"Оливки, маслины, каперсы",False,False
2026-09-29,MaxMarket,515a0a18-c1a0-466d-bd00-c50b2c955a8b,Макароны Makfa спагетти 400гр,635.0,Макароны и лапша,False,False
2026-09-29,MaxMarket,9452c637-87bc-4489-b94c-84274ed53f2c,Паста Barilla Spaghetti 450гр,1025.0,Макароны и лапша,False,False
2026-09-29,MaxMarket,c09eacc8-4418-4a45-b492-8db47b730893,Макароны Султан соломка 400гр,680.0,Макароны и лапша,False,False
2026-09-29,MaxMarket,05e98302-f765-40ed-85e8-d634abe0489d,Макароны Makfa спиральки 400гр,635.0,Макароны и лапша,False,False
2026-09-29,MaxMarket,99763f64-37af-4dd6-8144-171a66919190,Макароны Makfa перья 400гр,635.0,Макароны и лапша,False,False
2026-09-29,MaxMarket,43ed61c9-98d9-45aa-af95-ee1343cbd820,Макароны Султан бугатини 400гр,680.0,Макароны и лапша,False,False
2026-09-29,MaxMarket,81badcd7-cd11-4043-87f9-39df77949e2a,Макароны Султан колесики 400гр,680.0,Макароны и лапша,False,False
2026-09-29,MaxMarket,d43a4ae9-2a66-4402-b900-b5a818e633bd,Макароны Султан Ракушки 400гр,605.0,Макароны и лапша,False,False
2026-09-29,MaxMarket,b32ebf6c-6149-4c20-9b8e-169f3b30ff3a,Жайма Апатай в/с 300гр,610.0,Макароны и лапша,False,False
2026-09-29,MaxMarket,24580b61-223f-4ae2-9521-9fe94f15ebe0,Макароны Султан бантики 400г,720.0,Макароны и лапша,False,False
2026-09-29,MaxMarket,db5c0f68-42e0-47c8-849c-420bb1fd391a,Хлопья Nesquik Mix шарики 225гр,2240.0,Сухие Завтраки,False,False
2026-09-29,MaxMarket,7ba54a1f-e75a-427d-bd62-b403fb29a092,Хлопья Nesquik Duo 460гр,4000.0,Сухие Завтраки,False,False
2026-09-29,MaxMarket,228c445d-a818-4917-bc95-9fb2883fb9af,Хлопья Nesquik шоколадные шарики 460гр,4000.0,Сухие Завтраки,False,False
2026-09-29,MaxMarket,92b2f936-43e2-44ea-95ca-c665252ee71c,Хлопья Хрутка шоколадные шарики 460гр,2245.0,Сухие Завтраки,False,False
2026-09-29,MaxMarket,e532492f-6dcb-46b0-80dc-b6e76bd50d94,Рис Вип круглозерный 800г,1020.0,Крупы,False,False
2026-09-29,MaxMarket,b1ae5aba-a710-4b65-b908-b80e7b608c35,Каша Быстров овсяная слив/ малина 240г,1480.0,Крупы,False,False
2026-09-29,MaxMarket,1c354eeb-6033-4e3e-9a41-59af82299f3f,Рис Увелка длиннозерный обработанный паром 800г,1635.0,Крупы,False,False
2026-09-29,MaxMarket,87e35400-be8d-4c89-8775-1d131565b171,Каша Быстров овсяная 5 злаков мед/орехи 240г,1580.0,Крупы,False,False
2026-09-29,MaxMarket,ad3b81bf-4d0a-44ca-8256-22e8d5fd0fe7,Рис Makfa круглозерный шлиф. 800г,1630.0,Крупы,False,False
2026-09-29,MaxMarket,7703619b-3285-48fa-bd6b-f5817c61bb42,Каша овсяная Увелка клуб/сливки 200г,1065.0,Крупы,False,False
2026-09-29,MaxMarket,4fe10784-f668-4fb4-a6a3-a5ee291cb4ca,*Масло подсолнечное Шедевр 1л.,1170.0,Подсолнечное масло,False,False
2026-09-29,MaxMarket,7e8eecb4-115a-41df-87a6-0b2775a5e944,Масло подсолнечное IDEAL 1л,1340.0,Масла растительные,False,False
2026-09-29,MaxMarket,c7b8abd1-01d1-4cad-abf1-e4bb55ae8297,Масло подсолнечное Олейна 5л,6755.0,Масла растительные,False,False
2026-09-29,MaxMarket,c9ea1f19-b91d-4dce-ae7e-78f1bdd5bef1,Масло подсолнечное Шедевр 5л,6110.0,Масла растительные,False,False
2026-09-29,MaxMarket,d47d9d6c-5ccb-41de-9517-c2a20394b16a,Томатная паста Цин-Каз 220г ст/б,760.0,Кетчуп,False,False
2026-09-29,MaxMarket,eb34a3ba-ada3-4c48-84e1-4a8cd7e40aa8,Кетчуп 3 Желания казахстанский 250г,610.0,Кетчуп,False,False
2026-09-29,MaxMarket,03dfd3be-2a0c-4d92-a00c-dacd71009116,Томатная паста Цин-Каз жб 198г,565.0,Кетчуп,False,False
2026-09-29,MaxMarket,8e29c040-91f3-4abf-aa92-0c41f9bfd650,Кетчуп 3 Желания классический 250г,610.0,Кетчуп,False,False
2026-09-29,MaxMarket,c1e776f5-65a3-45b6-90d6-ef4aa7c1c364,Аджика Цин-каз 210гр,720.0,Кетчуп,False,False
2026-09-29,MaxMarket,aa1506fe-dca0-48b8-947f-729547acaaf6,Томатная паста Цин-каз 525гр ст/б,1315.0,Кетчуп,False,False
2026-09-29,MaxMarket,1bdf852e-8dba-4958-b808-79f1c07e61f9,Томатная паста Цин-каз ст/б 370 г,1025.0,Соусы,False,False
2026-09-29,MaxMarket,576b0386-16ae-4e78-94bf-2e0997c1d410,"Соевый соус Мастер кан 0,5л",820.0,Соусы,False,False
2026-09-29,MaxMarket,c13453ba-e37b-467b-a22c-250fc76584a0,Сироп Barbados Ананас 1л,2810.0,"Сиропы, топпинги",False,False
2026-09-29,MaxMarket,92b844e0-ff77-4104-8d8f-87a27d39067f,Сахар песок вес.,600.0,Специи и пряности,False,False
2026-09-29,MaxMarket,9eb463f5-a511-476e-b06b-43affccab1d9,Соль Илецкая 1кг,115.0,Специи и пряности,False,False
2026-09-29,MaxMarket,4a2b4866-1637-4382-bfb4-a998f635a322,Сода пищевая 500г,375.0,Специи и пряности,False,False
2026-09-29,MaxMarket,2c628a3a-fa29-47c3-9a6b-3953d543e05f,Лимонная кислота Royal Food 15г,95.0,Специи и пряности,False,False
2026-09-29,MaxMarket,8d4e8e8d-ba47-428d-bbaa-32aef719d197,Дрожжи Royal Food сухие 10г,105.0,Специи и пряности,False,False
2026-09-29,MaxMarket,d1881640-827e-43f0-9abc-ef19b273ba8c,Бульон Роллтон куриный вкус 100г,260.0,Специи и пряности,False,False
2026-09-29,MaxMarket,dc62c21f-e25c-4888-a2b7-a806bbf15487,Бульон Роллтон говяж. вкус 100гр,260.0,Специи и пряности,False,False
2026-09-29,MaxMarket,d1d66a71-874c-4e0a-9c60-0209ed0a608c,Приправа Maggi универсал. с кусочками овощей 200г,740.0,Специи и пряности,False,False
2026-09-29,MaxMarket,3247de3e-517b-4c4b-ac83-e4b89335a221,Мускатный орех Royal food 15г,165.0,Специи и пряности,False,False
2026-09-29,MaxMarket,8723a00e-df44-4b65-812e-d97074910ae0,Разрыхлитель теста Royal Food 15г,90.0,Специи и пряности,False,False
2026-09-29,MaxMarket,7c9232d7-02bb-4ff0-82ac-a90faedb79c0,Приправыч Приправа паприка молотая 10гр,115.0,Специи и пряности,False,False
2026-09-29,MaxMarket,c88f4e68-0f76-4a58-befe-b464be9b3475,Желатин RF 15г,255.0,Специи и пряности,False,False
2026-09-29,MaxMarket,845f17e8-1d38-428b-82c7-5f99d36906fc,Кисель Royal Food гранат 170г,300.0,Специи и пряности,False,False
2026-09-29,MaxMarket,83b46132-a1dc-4645-a357-19e65d2c0c30,Royal Лавровый лист 30гр,460.0,Специи и пряности,False,False
2026-09-29,MaxMarket,1bb005d1-44bb-4757-8364-ac4a81f04197,Гвоздика Royal Food 15г,315.0,Специи и пряности,False,False
2026-09-29,MaxMarket,39f8d1ac-bcb2-4799-be32-d146884b576a,Поиправыч Зира 10гр,285.0,Специи и пряности,False,False
2026-09-29,MaxMarket,ab5a074b-016b-43c6-9189-4ea70d8b2416,Приправа Royal food для пельменей 20г,100.0,Специи и пряности,False,False
2026-09-29,MaxMarket,a0662d94-31c1-43e5-bd6a-9a9914ad69f2,Приправа Royal food для фунчозы 20г,110.0,Специи и пряности,False,False
2026-09-29,MaxMarket,65e1a40a-5ff6-40ff-9d12-f2e0c609965e,Бульон Maggi по-домашнему с курицей 70г,315.0,Специи и пряности,False,False
2026-09-29,MaxMarket,8b22f862-2c38-4020-a631-d9ef70f2bfb9,Приправыч Приправа для рыбы 15гр,165.0,Специи и пряности,False,False
2026-09-29,MaxMarket,97577ef1-81d5-44b1-b29f-4b7abc2f827e,Кубик Бульон Магги на косточке 9г,45.0,Специи и пряности,False,False
2026-09-29,MaxMarket,820c25c7-fa66-488d-a6a6-d150e15bafd9,Бульон Gallina Blanca говяд. куб. 10г,45.0,Специи и пряности,False,False
2026-09-29,MaxMarket,b7a82781-7d5d-4d43-b2ee-cabb74608283,Лавровый лист Приправыч 20г,550.0,Специи и пряности,False,False
2026-09-29,MaxMarket,987ae20e-d0df-4a97-9916-81c3e9230b61,Приправа Приправыч для жаркого 15г,170.0,Специи и пряности,False,False
2026-09-29,MaxMarket,ff245ca9-090a-42be-ad41-020892d3a2a1,Форма для куличей большая,125.0,Специи и пряности,False,False
2026-09-29,MaxMarket,c7eb898f-1b9f-47dc-9f12-359e1a125992,Приправа Приправыч д/посола красной рыбы 15г,180.0,Специи и пряности,False,False
2026-09-29,MaxMarket,ebe534c3-d358-4ea0-946b-4406bd32f4b9,Приправыч Приправа для борща 15гр,215.0,Специи и пряности,False,False
2026-09-29,MaxMarket,b1af6f12-d866-4945-8934-c2d5e4c463b8,Приправыч Мускатный орех дробленный 10гр,215.0,Специи и пряности,False,False
2026-09-29,MaxMarket,53ed9fb8-3433-4eef-a76b-75c3bf4567d1,Royal Приправа для блюд из рыбы 20гр,125.0,Специи и пряности,False,False
2026-09-29,MaxMarket,5146d47d-8e6f-4fe2-b820-cebb755bbcda,Приправа Vegeta универсальная 75г,415.0,Специи и пряности,False,False
2026-09-29,MaxMarket,6d495c79-d5d2-44ef-ae01-b625fbe840b3,Приправыч Приправа для шашлыка 15гр,180.0,Специи и пряности,False,False
2026-09-29,MaxMarket,cd5ee4cc-7956-43ef-bfc6-21b41466861b,Приправа Maggi на второе для сочного цыпленка табака 47г,670.0,Специи и пряности,False,False
2026-09-29,MaxMarket,74b7887a-4b65-4f9a-8ee8-764317ca7994,Кисель Royal Food ассорти 170г,300.0,Специи и пряности,False,False
2026-09-29,MaxMarket,16e45cba-9f22-4871-9bb6-b94f2cd68582,Смесь Maggi на второе для курицы паприка 34г,670.0,Специи и пряности,False,False
2026-09-29,MaxMarket,6b9d08e8-a470-43d1-b8f2-6580447e3669,Кисель Royal Food ежевика 170г,300.0,Специи и пряности,False,False
2026-09-29,MaxMarket,674cbbd7-866e-4d2c-8042-4cec07885b0f,Куркума Royal Food молотая 15г,130.0,Специи и пряности,False,False
2026-09-29,MaxMarket,effacde2-646b-4260-b990-30aa94191292,Ванильный сахар Приправыч 25г,130.0,Специи и пряности,False,False
2026-09-29,MaxMarket,3fc58a78-520a-4f21-bd7d-93b9eb29a473,Кисель Royal Food клубника 170г,300.0,Специи и пряности,False,False
2026-09-29,MaxMarket,b4bf451a-1e07-4bdb-9e77-1db3902b8f68,Приправа Приправыч Смесь болгарских перцев 50г,835.0,Специи и пряности,False,False
2026-09-29,MaxMarket,d974e75a-e106-4c7f-8a4c-24c82762cf59,Фруктоза Novasweet 250г,1135.0,Специи и пряности,False,False
2026-09-29,MaxMarket,8ff09cc1-3b27-4c77-a75f-7e3896988881,Приправа Приправыч для цыпленка табака 15г,180.0,Специи и пряности,False,False
2026-09-29,MaxMarket,4c2eff92-3a8d-40a6-9a51-35b81c627fd0,Приправыч Приправа для окорочков 15гр,180.0,Специи и пряности,False,False
2026-09-29,MaxMarket,ffb25a3e-53c1-4131-87d1-431b8fb6dbfa,Петрушка Приправыч сушеная 30г,565.0,Специи и пряности,False,False
2026-09-29,MaxMarket,86a74f14-55a8-4a86-bddd-f2297ff8e73a,Приправа Royal Food смесь горчицы 15г,85.0,Специи и пряности,False,False
2026-09-29,MaxMarket,d6f7a0ce-ebeb-48d9-be54-a3f39a3b9fc2,Форма для куличей средняя,105.0,Специи и пряности,False,False
2026-09-29,MaxMarket,e9650687-d43b-4bd2-8e06-0c61e2188499,Приправа Royal Food для окорочков 20г,105.0,Специи и пряности,False,False
2026-09-29,MaxMarket,596458d6-f747-4143-9b6e-f0715d03cb17,Приправа Royal Food зел.лук 10г,140.0,Специи и пряности,False,False
2026-09-29,MaxMarket,26870306-d852-4abe-87cd-64d344e28059,Приправа Royal Food для борща 30г,125.0,Специи и пряности,False,False
2026-09-29,MaxMarket,76ced56d-50e4-40c6-ade5-451feb47017f,Кориандр Royal Food целый 15г,70.0,Специи и пряности,False,False
2026-09-29,MaxMarket,dd4fcefa-b791-442a-915a-a5ad25d11d95,Кубик Бульон Магги Куриный 9г,45.0,Специи и пряности,False,False
2026-09-29,MaxMarket,1b5e996f-7290-48e3-8a35-b86cb551aa55,Приправа Gallina Blanca для куриных ножек с аром.чесноком 36г,530.0,Специи и пряности,False,False
2026-09-29,MaxMarket,056affe3-54ca-4582-846c-4a35fd6b5f92,Сахар рафинад Naturel 750 ГР,780.0,Специи и пряности,False,False
2026-09-29,MaxMarket,25f781af-6d92-40a2-85ac-4197f535d21b,Приправа Приправыч для гриля 15г,190.0,Специи и пряности,False,False
2026-09-29,MaxMarket,641b18da-077e-4886-a6ff-ccef78b7d015,Кунжут Royal черный 15г,170.0,Специи и пряности,False,False
2026-09-29,MaxMarket,9f375123-730b-4194-bdc8-0781b6b70b92,Влажные салфетки Мама Знает 15шт,330.0,Влажные салфетки,False,False
2026-09-29,MaxMarket,1c7ad8cb-b8e4-4bcc-b484-3b57b7f4d808,Туалетная бумага Самал,140.0,Для ванной и туалетов,False,False
2026-09-29,MaxMarket,7bbeace8-166c-4e89-a902-d5af139ead29,Чист.ср-во Mr.proper д/полов и стен океанская свежесть 500мл,1060.0,Для ванной и туалетов,False,False
2026-09-29,MaxMarket,fd837bdb-142d-4edb-9c90-011d0bed0c4e,Туалетная бумага Народная шт,150.0,Для ванной и туалетов,False,False
2026-09-29,MaxMarket,46f8126e-dff2-4d78-8588-0676c3a48355,Т/Б Papia bali flow. 3-х слой. 8рул/уп,2390.0,Для ванной и туалетов,False,False
2026-09-29,MaxMarket,28a3c104-5e39-4be9-8bd5-888999233c0f,Чистящ.средство Azelit для плиты 600мл,1680.0,Для ванной и туалетов,False,False
2026-09-29,MaxMarket,ab38054f-6078-4292-b047-dfa2715e3f9b,Ароматизатор Grass Flesh 400мл,1585.0,Для ванной и туалетов,False,False
2026-09-29,MaxMarket,279f5a83-b160-445d-b35a-bf523721e02c,Крем CIF Ультра белый 500мл,1695.0,Для ванной и туалетов,False,False
2026-09-29,MaxMarket,1f314e42-9c2f-4b1d-ba67-0da85d7ba24b,Чист.ср-во Mr.proper лаванда 1.5л,2385.0,Для ванной и туалетов,False,False
2026-09-29,MaxMarket,a40da1b9-562d-4a7a-a4f3-e771a8a6a360,Средство для мытья пола Mr.Proper лимон 1л,1825.0,Для ванной и туалетов,False,False
2026-09-29,MaxMarket,d12b792f-2b87-47bc-9988-b084cd57c1e4,Чистящее ср-во Azelit для казана 600мл,1655.0,Для ванной и туалетов,False,False
2026-09-29,MaxMarket,05f0325c-4b62-40a6-a60f-52f5238e9a22,Ароматизатор Grass Harmony 400мл,1890.0,Для ванной и туалетов,False,False
2026-09-29,MaxMarket,33f8762f-7b5e-4c29-a81f-369b76c9db1f,Чист. средство Mr.proper д/полов и стен лавандовое спокойствие 1л,1825.0,Для ванной и туалетов,False,False
2026-09-29,MaxMarket,18227d75-f917-463f-aa19-4937335b45e9,Чист.ср-во Mr.proper д/полов и стен береж.уборка 500мл,1130.0,Для ванной и туалетов,False,False
2026-09-29,MaxMarket,94cc5621-1a64-4fa2-85bc-b70b1c3e15b0,Крем Cif Актив лимон 500мл.,1695.0,Для ванной и туалетов,False,False
2026-09-29,MaxMarket,021d43dc-3197-4e72-969f-5b8f7fd16516,Чист.ср-во Mr.proper д/полов и стен лимон 500мл,1130.0,Для ванной и туалетов,False,False
2026-09-29,MaxMarket,8ced9581-81f2-4816-8576-f2f2918372d2,Средство для мытья пола Mr.Proper Горный ручей 1л,1825.0,Для ванной и туалетов,False,False
2026-09-29,MaxMarket,9415fe79-2441-4b53-a1e8-7ee839e19ef8,Порошок Ariel автомат Color 450гр,995.0,Порошки и гели,False,False
2026-09-29,MaxMarket,fa079aa5-d8ec-4cc7-a87a-2cd437b53222,Порошок Миф автомат мороз.свеж. 400гр,590.0,Порошки и гели,False,False
2026-09-29,MaxMarket,97dd1e58-980b-41d7-be73-0363a12a17df,Порошок Миф для ручн.стирки мороз. свеж. 400гр,850.0,Порошки и гели,False,False
2026-09-29,MaxMarket,260e8b72-deb8-45f6-9ef5-566f5cc8b3f4,Порошок Миф морозная свежесть автомат 2кг,2415.0,Порошки и гели,False,False
2026-09-29,MaxMarket,a84c28a3-869f-499b-8ceb-a367b8a88d32,Порошок Миф авт. Свежий цвет 1кг,1235.0,Порошки и гели,False,False
2026-09-29,MaxMarket,eca34d96-4926-4e31-9c9b-5c7170334a54,Порошок Миф мороз. свеж. ручная стирка 1.8кг,2160.0,Порошки и гели,False,False
2026-09-29,MaxMarket,e9851d1c-4885-4b75-a3b5-4a469101dbd1,Сосиска JB в дрожжевом тесте 1шт,360.0,Выпечка,False,False
2026-09-29,MaxMarket,40a6959e-22b3-4a7e-afb7-e1bf84ce1235,Самса Tez-Tez с курицей 1шт,305.0,Выпечка,False,False
2026-09-29,MaxMarket,e30572ae-c04b-47a0-a6a1-31f81469aa4b,Самса Tez-Tez Говядина 1шт,355.0,Выпечка,False,False
2026-09-29,MaxMarket,50fb2479-74c2-415b-8a4d-9f1f4337cd7a,Пирожок Tez-Tez с картофелем 1шт,345.0,Выпечка,False,False
2026-09-29,MaxMarket,f753fb4f-6437-4008-ae88-e23331132de8,Самса Tez-Tez с мясо/тыква 1шт,305.0,Выпечка,False,False
2026-09-29,MaxMarket,d68e0155-3c07-4809-8321-473057ad238e,"Лимонад Borjomi груша 0,33л ж/б",865.0,Газированные Напитки,False,False
2026-09-29,MaxMarket,7fa37ef5-92a8-4b8d-b815-8fad842e0efb,"Лимонад Borjomi цитрус 0,33л ж/б",865.0,Газированные Напитки,False,False
2026-09-29,MaxMarket,051eee5f-6a28-4bca-9ba4-c6217f6b442b,"Лимонад Borjomi тархун 0,33л ж/б",865.0,Газированные Напитки,False,False
2026-09-29,MaxMarket,3d40aa28-68ac-4025-9290-c904246af8d1,*Напиток Pepsi 2л,905.0,Газированные Напитки,False,False
2026-09-29,MaxMarket,c32dc6cd-bc56-4277-b693-4b32987779be,*Напиток Pepsi 1л,755.0,Газированные Напитки,False,False
2026-09-29,MaxMarket,86bdf683-580f-48d4-b08d-a33f3d7dba51,*Напиток Pepsi 1.5л,805.0,Газированные Напитки,False,False
2026-09-29,MaxMarket,54a13faa-c970-446d-af5b-10f15c8bd0c0,*Напиток Fanta orange 1л,745.0,Газированные Напитки,False,False
2026-09-29,MaxMarket,b391e7dc-b994-4b59-a0fa-d525caecb0e0,Напиток Pepsi 0.5л,550.0,Газированные Напитки,False,False
2026-09-29,MaxMarket,55d2010d-54c7-452a-93a3-435441e1b718,"Напиток Coca Cola 0,25л ж/б",355.0,Газированные Напитки,False,False
2026-09-29,MaxMarket,a880297a-c33f-42ff-bf12-33b865b09495,*Напиток Fanta orange 2л,1025.0,Газированные Напитки,False,False
2026-09-29,MaxMarket,0c1ffbb2-6037-4d11-af3b-cf14b6f6bebc,Напиток Sprite 1л,765.0,Газированные Напитки,False,False
2026-09-29,MaxMarket,5ad88f30-cec2-4779-a16b-274feb5ce71e,Лимонад Буратино Визит 1.5л,740.0,Газированные Напитки,False,False
2026-09-29,MaxMarket,32dc8696-6e48-4912-a579-6c76089fa0b7,"Напиток Fanta апельсин 0,45л ж/б",535.0,Газированные Напитки,False,False
2026-09-29,MaxMarket,953ff785-6929-4ab7-b2e8-27d93b1051fb,Мохито Mango&Mint 0.45л,530.0,Газированные Напитки,False,False
2026-09-29,MaxMarket,ff1ccd47-1b11-4d36-bb80-0852298316e0,"Лимонад Borjomi цитрус 0,5л ст/б",1225.0,Газированные Напитки,False,False
2026-09-29,MaxMarket,07fe6706-6cc0-4353-91e4-3f1ff723eb7e,Лимонад Златояр буратино 0.5л,450.0,Газированные Напитки,False,False
2026-09-29,MaxMarket,0e47cb91-f2a0-4c09-90a7-978a53e457d5,Напиток Pepsi 0.45л ж/б,555.0,Газированные Напитки,False,False
2026-09-29,MaxMarket,26e11069-3e16-4d12-8fcf-5cd4192f29f0,Лимонад Holiday 2л,995.0,Газированные Напитки,False,False
2026-09-29,MaxMarket,4792c820-17f4-4967-a27e-6b7d4f646b65,"Лимонад Holiday 1,5л",880.0,Газированные Напитки,False,False
2026-09-29,MaxMarket,58d1cfcc-47da-49eb-ae3e-a12903109e68,"Лимонад Borjomi тархун 0,5л ст/б",1225.0,Газированные Напитки,False,False
2026-09-29,MaxMarket,87e9b3f8-bb39-435e-809b-8ad1c4cb3fa6,"Лимонад Borjomi груша 0,5л ст/б",1225.0,Газированные Напитки,False,False
2026-09-29,MaxMarket,8dbfdced-ad2f-40c0-9653-d266156151b6,Напиток Fanta апельсин 0.5л,530.0,Газированные Напитки,False,False
2026-09-29,MaxMarket,6081f097-1b82-438a-a0be-78a6541bbef5,Напиток Ascania груша 0.5л ст/б,625.0,Газированные Напитки,False,False
2026-09-29,MaxMarket,7d7fe9e2-45c6-4662-ae9e-c96f30727413,"Лимонад Borjomi мандарин 0,5 ст/б",1225.0,Газированные Напитки,False,False
2026-09-29,MaxMarket,e51b8799-21db-4072-a5e4-986772dd8ebc,Лимонад Holiday 1л,705.0,Газированные Напитки,False,False
2026-09-29,MaxMarket,06f586a9-571d-4e1f-b505-665623d94db6,Витамин C Riksamin 250мл ж/б,415.0,Газированные Напитки,False,False
2026-09-29,MaxMarket,1e6945dc-1eae-4e51-9b92-ba71e2d9d067,Лимонад Holiday Тархун 1л,705.0,Газированные Напитки,False,False
2026-09-29,MaxMarket,e244e147-d49b-4704-a7cb-716976c2ce31,Лимонад Holiday 2.5л,1125.0,Газированные Напитки,False,False
2026-09-29,MaxMarket,f4fc0abe-934d-437e-9d34-e6ffad754d79,Напиток 7up с/газ. 1л,785.0,Газированные Напитки,False,False
2026-09-29,MaxMarket,705ce547-f509-4c25-9925-2cb1f65d909e,Лимонад Златояр тархун ст/б 0.5л,530.0,Газированные Напитки,False,False
2026-09-29,MaxMarket,2b900fa6-7712-4071-9734-66e73facd9dc,Лимонад Златояр дюшес 0.5л,530.0,Газированные Напитки,False,False
2026-09-29,MaxMarket,fbe69cf9-a756-4a63-b359-8c3991844080,"Лимонад Borjomi мандарин 0,33л ж/б",865.0,Газированные Напитки,False,False
2026-09-29,MaxMarket,11da77ff-eb0f-4e9c-8d9d-50e488805f90,Напиток Визит Тархун 1.5л,745.0,Газированные Напитки,False,False
2026-09-29,MaxMarket,3d3d0dba-04f3-498f-927e-d868fc711fea,Напиток Sprite б/алк. 2л,1060.0,Газированные Напитки,False,False
2026-09-29,MaxMarket,5214489d-e78d-4856-aceb-eefe2617c740,"Лимонад Златояр ст/б 0,5л",450.0,Газированные Напитки,False,False
2026-09-29,MaxMarket,369517a2-e0a4-4af4-86f4-a5e90a262962,Лимонад Holiday гранат 1л,705.0,Газированные Напитки,False,False
2026-09-29,MaxMarket,9ce13458-6e7f-49cf-9154-c11b2e0df87e,Лимонад Holiday Тархун 1.5л,905.0,Газированные Напитки,False,False
2026-09-29,MaxMarket,50061ffa-3c9d-429b-a8cd-ec7560cfb732,Лимонад Буратино Визит 1л,605.0,Газированные Напитки,False,False
2026-09-29,MaxMarket,526a8f1b-0ccb-4584-8bc8-29e92be340b5,"Лимонад Holiday 0,5л",530.0,Газированные Напитки,False,False
2026-09-29,MaxMarket,8a94e3bb-b5ea-464a-bcb8-fb297cff14fe,Лимонад LeGracio Blood Pomegranate 0.45л ж/б,625.0,Газированные Напитки,False,False
2026-09-29,MaxMarket,e5951779-cff7-498c-a5f7-d2be394cf8d3,Лимонад Златояр Байкал 0.5л ст/б.,530.0,Газированные Напитки,False,False
2026-09-29,MaxMarket,0e58a414-7f5f-4ce2-9c23-be3b83e66b51,Напиток Mirinda 1л,785.0,Газированные Напитки,False,False
2026-09-29,MaxMarket,d51d3bd1-9d85-4789-831b-3d29f42578e9,*Вода Сарыагаш Алекс с/г 1.5л,475.0,Холодные чаи и кофе,False,False
2026-09-29,MaxMarket,1175056f-3aca-4fee-8326-ba7efb315e65,"*Чай Fuse Tea манго-ромашка 1,5л",830.0,Холодные чаи и кофе,False,False
2026-09-29,MaxMarket,a197b82d-5aba-45c4-b9f7-6898c0ff7ccd,*Чай Lipton зеленый пэт. 1л,715.0,Холодные чаи и кофе,False,False
2026-09-29,MaxMarket,62e530cf-09ca-4476-b263-2bff53898761,*MaxiЧай Персик 1.2л,705.0,Холодные чаи и кофе,False,False
2026-09-29,MaxMarket,0b430050-a2e4-4958-a6b7-f747a771628c,*Чай FuseTea манго/ананас 1л,710.0,Холодные чаи и кофе,False,False
2026-09-29,MaxMarket,57cc44d4-eccd-4fd3-bf88-f2d7f9defe38,Чай Fuse Tea чер. лес.ягоды 1л,710.0,Холодные чаи и кофе,False,False
2026-09-29,MaxMarket,def21cd1-4fb5-4013-a2fb-60405a8c0d3c,"*Чай Fuse Tea манго-ананас 1,5л",830.0,Холодные чаи и кофе,False,False
2026-09-29,MaxMarket,db39f8da-5e51-4c40-aa10-8a12faa7afe7,MaxiЧай Лайм/Мята 1.2л,720.0,Холодные чаи и кофе,False,False
2026-09-29,MaxMarket,61dacf04-8d95-4e57-a0da-9ca6f29896ba,MaxiЧай черный ЛИМОН 1.2л,720.0,Холодные чаи и кофе,False,False
2026-09-29,MaxMarket,6d9c6a9a-462c-4b74-b802-f8bc073b8640,*Чай FuseTea персик 1л,685.0,Холодные чаи и кофе,False,False
2026-09-29,MaxMarket,76ba19f7-be79-40a9-bf7d-9f0d64dbf232,Чай Fuse Tea зел. манго-ромашка 0.5л,475.0,Холодные чаи и кофе,False,False
2026-09-29,MaxMarket,3e54600b-b02b-48b7-bd73-dfa6e027fd72,*Maxi чай зеленый лимон 2л,1095.0,Холодные чаи и кофе,False,False
2026-09-29,MaxMarket,0a3dd2fb-9dfb-45ea-924d-ccf816852c52,Чай Tassay Персик 1л,645.0,Холодные чаи и кофе,False,False
2026-09-29,MaxMarket,6fcd656d-704b-4941-8b4a-e373c0f1aefe,Чай Tassay зеленый Ананас/Маракуйя 1л,645.0,Холодные чаи и кофе,False,False
2026-09-29,MaxMarket,c4367353-faac-49ca-83cb-a5d5d8e11f87,Сок Piko Pulpy апельс./мяк. 0.5л,675.0,Холодные чаи и кофе,False,False
2026-09-29,MaxMarket,1e18486d-f748-481c-86cb-8a2181463f39,Чай FuseTea персик 1.5л,775.0,Холодные чаи и кофе,False,False
2026-09-29,MaxMarket,aa9f9519-5e97-4ea8-8e22-20faaf83484b,"Напиток Garden груша 1,2л",720.0,Холодные чаи и кофе,False,False
2026-09-29,MaxMarket,24eda1b6-2d2e-4bc2-a1b9-2fbd8987e1e8,Чай Lipton Персик 1л пэт,765.0,Холодные чаи и кофе,False,False
2026-09-29,MaxMarket,8427700a-1bb3-41c0-a7bd-f5ccf431a85e,Напиток Ice Coffee Latte 250мл ж/б,825.0,Холодные чаи и кофе,False,False
2026-09-29,MaxMarket,3e643b93-8029-4359-bb9b-c7ad91465773,Чай FuseTea клубника/дыня 1л,710.0,Холодные чаи и кофе,False,False
2026-09-29,MaxMarket,817e81b6-92ae-4834-8189-d6d3c30d080d,Чай Fuse Tea чер. манго-ананас 0.5л,475.0,Холодные чаи и кофе,False,False
2026-09-29,MaxMarket,1b904859-064c-4154-b0d2-622f9bc82b81,Чай Fuse Tea чер. лес.ягода 0.5л,475.0,Холодные чаи и кофе,False,False
2026-09-29,MaxMarket,6046d644-3f34-42c8-8439-65b2fed786f4,Чай Fuse Tea чер. персик 0.5л,475.0,Холодные чаи и кофе,False,False
2026-09-29,MaxMarket,30aa9302-5e36-458a-baf5-a110cdbe8fba,Чай Tassay черный манго-ананас 1л,645.0,Холодные чаи и кофе,False,False
2026-09-29,MaxMarket,71523c09-1000-4541-8f01-d33bb9633527,Чай Lipton Малина 1л пэт,765.0,Холодные чаи и кофе,False,False
2026-09-29,MaxMarket,c4b32e65-ffc8-41a4-bf51-2914e9c7f190,Напиток Ice Coffee Cappuccino 250мл ж/б,825.0,Холодные чаи и кофе,False,False
2026-09-29,MaxMarket,8a791d71-b268-41ca-a3f9-93d506494d68,Напиток Garden гранат 1.2л,720.0,Холодные чаи и кофе,False,False
2026-09-29,MaxMarket,5b711069-763b-4890-9802-6a4a812c434c,"Напиток Garden вишня 1,2л",720.0,Холодные чаи и кофе,False,False
2026-09-29,MaxMarket,3e57911f-8124-4928-b871-93a37184d147,Чай Tassay Лесные ягоды 1л,645.0,Холодные чаи и кофе,False,False
2026-09-29,MaxMarket,171b0559-fd0c-4832-983c-7f86c777303d,"*Чай Fuse Tea лимон 1,5л",805.0,Холодные чаи и кофе,False,False
2026-09-29,MaxMarket,04e05ea6-1e7d-4a7c-bb50-1c1fd155fe75,Разливной квас,330.0,Квас и комбуча,False,False
2026-09-29,MaxMarket,c48f1e19-8d5b-4fb2-8af3-4d1f60afaf98,*Энергетик Dizzy Energy 0.33л ст/б,510.0,Энeргетические нaпитки,False,False
2026-09-29,MaxMarket,be072f99-d957-43b8-9027-da6c1310bc9e,*Энергетик Gorilla классик 0.45л ж/б,635.0,Энeргетические нaпитки,False,False
2026-09-29,MaxMarket,1ea11dd3-0d6f-4594-bafc-f479a8582c97,*Энергетик Red bull 0.25л,1005.0,Энeргетические нaпитки,False,False
2026-09-29,MaxMarket,62f71f75-b244-407c-8e35-24dc0bb948db,*Энергетик Gorilla манго/кокос 0.45л ж/б,660.0,Энeргетические нaпитки,False,False
2026-09-29,MaxMarket,66bbebf5-9542-4444-8824-a47844190265,*Энергетик Red bull 0.473л,1770.0,Энeргетические нaпитки,False,False
2026-09-29,MaxMarket,7128200d-899d-4664-9999-6cf69b3eeebb,Энергетик Monster Zero Ultra 0.5л ж/б,1005.0,Энeргетические нaпитки,False,False
2026-09-29,MaxMarket,1d7d9881-9f8a-4179-a724-f3f500b9b982,*Энергетик Red bull 0.355л,1445.0,Энeргетические нaпитки,False,False
2026-09-29,MaxMarket,fbf0f454-57a1-4171-a49f-966b2d520c48,"Энергетик Monster Mango Loco 0,5л ж/б",1005.0,Энeргетические нaпитки,False,False
2026-09-29,MaxMarket,fa8a5c22-df34-4d8a-8c28-b05bf07c7015,Энергетик Dizzy Extreme 0.33л ст/б,590.0,Энeргетические нaпитки,False,False
2026-09-29,MaxMarket,5bcfb44b-59a0-402d-abff-1614e8f50a97,Энергетик Red bull sugar free 0.25л,1035.0,Энeргетические нaпитки,False,False
2026-09-29,MaxMarket,ace6f37e-1639-4402-9240-c4e2aacaadf4,"Энергетик Monster Пайплайн панч 0,5л ж/б",1020.0,Энeргетические нaпитки,False,False
2026-09-29,MaxMarket,d8b7f476-0980-4dbd-a33c-e2d375d8278e,Энергетик Tassay Energy Granat 0.45л ж/б,645.0,Энeргетические нaпитки,False,False
2026-09-29,MaxMarket,869fe282-407b-46be-9d57-46f83efdcb44,Энергетик T.G.R. Force Energy Original,460.0,Энeргетические нaпитки,False,False
2026-09-29,MaxMarket,ea6b71e4-39d7-49f7-b523-7533b74da9cf,Энергетик Borjomi вишня 240мл,890.0,Энeргетические нaпитки,False,False
2026-09-29,MaxMarket,02be75d5-1473-4537-b0f2-7c4abf8b93be,"Энергетик Lit Energy Classik 0,45л",740.0,Энeргетические нaпитки,False,False
2026-09-29,MaxMarket,7cbad4bd-a9c4-4b81-8663-19f8310e713d,Энергетик Monster Energy 0.5л ж/б,1095.0,Энeргетические нaпитки,False,False
2026-09-29,MaxMarket,f92b4ae0-a415-4b16-ba92-818fa718a32a,Энергетик Borjomi яблоко/фейхоа 240мл,890.0,Энeргетические нaпитки,False,False
2026-09-29,MaxMarket,25ab7438-baa3-4987-8589-eb445533a249,Энергетик Flash up Ultra 0.45л ж/б,610.0,Энeргетические нaпитки,False,False
2026-09-29,MaxMarket,785905d1-b336-47a7-a055-9fb90f4d98ae,Энергетик Borjomi оригинал 240мл,890.0,Энeргетические нaпитки,False,False
2026-09-29,MaxMarket,03857cd4-d498-471b-a1bd-c0ea9b68acb5,"Сок Gracio тропик 0,9л",1165.0,Соки,False,False
2026-09-29,MaxMarket,2f3e702a-7b99-49ed-9527-c331afd2d349,"Сок Gracio вишня 0,95л",1165.0,Соки,False,False
2026-09-29,MaxMarket,b672cf8b-dc2e-43f4-a11f-1ec7b9e64166,Сок Gracio зеленое яблоко тетр/пак 1л,1165.0,Соки,False,False
2026-09-29,MaxMarket,12b38ca6-525c-4d1c-afdb-25723d035132,Сок DaDa тропик тетр/пак 1л,965.0,Соки,False,False
2026-09-29,MaxMarket,7b1c452f-43d4-4260-a5e1-caa29caa80cd,"Сок Фруктовый Сад апельсин/мандарин/манго 0,95 л",795.0,Соки,False,False
2026-09-29,MaxMarket,5a278988-7ba4-4bde-8191-13df6d2d2cfa,Сок Фруктовый Сад яблоко осветлен. нектар 0.95л,855.0,Соки,False,False
2026-09-29,MaxMarket,90d4d65b-292c-4af0-b07b-1203c0a86a23,Сок Piko яблоко тетра./пак. 0.2л,355.0,Соки,False,False
2026-09-29,MaxMarket,5e0224e0-8af1-48ff-8188-c57a4055b6bf,Сок Piko томат 1л,955.0,Соки,False,False
2026-09-29,MaxMarket,09fb0aee-b25e-44f5-8ea2-756928654b68,"Сок Фруктовый Сад персик-яблоко 0,95л",855.0,Соки,False,False
2026-09-29,MaxMarket,964ddd4b-47df-4835-8e2f-f4b89c0acb75,Сок DaDa мультиягоды тетр/пак 1л,965.0,Соки,False,False
2026-09-29,MaxMarket,9b1c7e8a-03ba-496e-bdae-091c74883ad0,"Сок Фруктовый Сад персик-яблоко 1,9л",1655.0,Соки,False,False
2026-09-29,MaxMarket,83cc2a1f-5245-418e-b5a6-8a2d7d3a9483,Сок Gracio апельсин тетр/пак 1л,1360.0,Соки,False,False
2026-09-29,MaxMarket,53f08d91-9f28-4cd8-983d-8091f24ecb49,"Сок Фруктовый Сад яблоко 1,9л",1655.0,Соки,False,False
2026-09-29,MaxMarket,db52c734-001a-4ad9-9218-6afaf5fdba05,Сок DaDa яблоко тетр/пак 1л,965.0,Соки,False,False
2026-09-29,MaxMarket,831935d5-4809-4349-827d-449d0f0bb165,Сок Gracio томат 1л,1165.0,Соки,False,False
2026-09-29,MaxMarket,07db3446-4bb8-4d47-b668-759110f728f8,Напиток Daily Fresh Mango с мякотью 1л,985.0,Напитки сокосодержащие,False,False
2026-09-29,MaxMarket,f6849711-df89-4478-aa2a-2e33b8ea9f28,Вода минеральная Borjomi с/г 0.33л ж/б,570.0,Столовая питьевая,False,False
2026-09-29,MaxMarket,54b7d875-36fa-49f7-9ea1-718ce4435cea,Вода минеральная Borjomi 0.33л ст/бут.,910.0,Столовая питьевая,False,False
2026-09-29,MaxMarket,0d0e264c-0256-44d3-94eb-0b6a26a53ded,Вода минеральная Borjomi 0.75л пэт,895.0,Столовая питьевая,False,False
2026-09-29,MaxMarket,11642671-b844-412a-b330-5bb13e9374a5,*Вода минеральная Borjomi 0.5л ст/бут.,890.0,Столовая питьевая,False,False
2026-09-29,MaxMarket,fc37558b-1faf-4962-a072-88383f1fc489,*Вода Tassay б/г 5л,880.0,Столовая питьевая,False,False
2026-09-29,MaxMarket,d5ebd8a5-8805-4cba-a168-9729560b99a4,Вода АсемАй с/г 1л,450.0,Столовая питьевая,False,False
2026-09-29,MaxMarket,2fa4a092-25a5-43ba-bb2c-19aeac42245d,Вода ASU б/г 1.5л,530.0,Столовая питьевая,False,False
2026-09-29,MaxMarket,3e88c9d7-9c3b-4574-a947-313b0f316b1c,Вода ASU лимон б/г 1л,510.0,Столовая питьевая,False,False
2026-09-29,MaxMarket,7d0e31a7-9672-4025-95ab-0405b889aa7f,*Вода минеральная Borjomi 1.25л пэт,1185.0,Столовая питьевая,False,False
2026-09-29,MaxMarket,320b2330-5842-4eda-9c80-10d56dd8f8fe,Вода ASU б/г 5 л,825.0,Столовая питьевая,False,False
2026-09-29,MaxMarket,c13f2a2c-7ad9-4b3b-a6aa-ff0dcd909896,Вода Tassay с/г 1л,530.0,Столовая питьевая,False,False
2026-09-29,MaxMarket,a9073f68-3cef-417e-a205-5fe34cf83584,Вода Tassay с/г 1.5л,645.0,Столовая питьевая,False,False
2026-09-29,MaxMarket,816904a9-6029-4f15-b756-01d30885f080,Вода ASU б/г 1л,455.0,Столовая питьевая,False,False
2026-09-29,MaxMarket,9d033217-cc68-461f-95f8-8d64403b2de2,Вода Hydrolife с/г 1л,275.0,Столовая питьевая,False,False
2026-09-29,MaxMarket,00eac331-b7e8-4029-ac7d-231c90a78c45,Вода ASU б/г 8л,1130.0,Столовая питьевая,False,False
2026-09-29,MaxMarket,886aad06-e3b3-49dd-8274-cd12451aabda,Вода минеральная Borjomi 1л пэт,1120.0,Столовая питьевая,False,False
2026-09-29,MaxMarket,6cc88685-c680-439e-966a-f483fcd21a8c,Вода ASU б/г 0.5л,320.0,Столовая питьевая,False,False
2026-09-29,MaxMarket,ea7e5756-1201-4d14-ba0a-d12b2772518e,Вода ASU c/г 1л,450.0,Столовая питьевая,False,False
2026-09-29,MaxMarket,5c3577c9-dcf5-4fbb-8532-30e7f2ba4b1e,Вода минеральная Borjomi 0.5л пэт,640.0,Столовая питьевая,False,False
2026-09-29,MaxMarket,bc604032-0169-4a2c-a593-b7ed35816a68,"Вода ASU лимон б/г 0,5л",355.0,Столовая питьевая,False,False
2026-09-29,MaxMarket,e738f608-29df-477b-a9a0-5fead2607bd7,Багет JB Альпийский 1шт,555.0,Классический,False,False
2026-09-29,MaxMarket,cae60690-ef31-44a8-8069-fcaa3b85a2e7,Багет JB Чесночный 1шт,775.0,Классический,False,False
2026-09-29,MaxMarket,93bf96fb-4069-4db5-a6f3-a8fafcc64e9f,Багет JB Модерн 1шт,680.0,Классический,False,False
2026-09-29,MaxMarket,b03301db-f605-46a8-91b7-6b24d6e7f025,Хлеб Harrys пшеничный с отрубями тост 515г,1010.0,Для бургеров и сэндвичей,False,False
2026-09-29,MaxMarket,3b872fbb-9674-4d25-99eb-26f6c4be587d,*Лепешка с кунжутом мал-я,190.0,Лаваш и лепешки,False,False
2026-09-29,MaxMarket,a522d821-9231-45c9-8ab9-fde7c42014d6,Булочки Русский бисквит шоколад 350гр,1335.0,Булочки и кексы,False,False
2026-09-29,MaxMarket,25025e2a-cbc9-4853-b183-5befdc8c96cd,Булочки Русский бисквит вареная сгущенка 350гр,1335.0,Булочки и кексы,False,False
2026-09-29,MaxMarket,e1860f95-eeb2-4b7b-9d3b-3f34db838701,Пирожок Tez-Tez с капустой 1шт,345.0,"Пирожки, самса",False,False
2026-09-29,MaxMarket,83f350e0-3eaf-4537-879a-ab1cd9e899bf,"Зубная Паста ""splat"" Здоровые Десны 100 Мл",1815.0,Зубная паста,False,False
2026-09-29,MaxMarket,addfc923-731d-4abc-9e39-ad94ea042fb5,Colgate зубная паста макс фреш Нежная мята 100мл,2005.0,Зубная паста,False,False
2026-09-29,MaxMarket,d6f79a3d-5012-4de6-92b6-b0038457bd6d,Parodontax зубная паста без фтора 75 мл,2450.0,Зубная паста,False,False
2026-09-29,MaxMarket,2a79107d-1026-4bf3-acc1-0c865fc29894,Зубная паста Sensodyne комплексная защита 75мл,2450.0,Зубная паста,False,False
2026-09-29,MaxMarket,5b9fc0c8-0a74-4a8e-a59d-a50e8fbdad36,"Colgate, Зубная Паста Colgate 100Мл Витаминный Заряд, шт, ШК: 6920354832833",1905.0,Зубная паста,False,False
2026-09-29,MaxMarket,2df1e01e-680a-4f5f-a33f-9d955196936f,Зубная паста &quot;Colgate&quot; Доктор заяц со вкусом клубники 66г,2005.0,Зубная паста,False,False
2026-09-29,MaxMarket,25de3022-fa9a-414a-9452-eb0683c1b569,Зуб.паста Colgate Тройное Действие 100мл,1095.0,Зубные щетки и аксессуары,False,False
2026-09-29,MaxMarket,de663a92-8aa1-4677-af3d-b6dd3ff61e7f,Зуб.паста Colgate тройное действие 150мл,1365.0,Зубные щетки и аксессуары,False,False
2026-09-29,MaxMarket,b9f0791b-cbb2-4529-9712-6df58d672d8a,Дезодорант Axe Black Fresh 150мл,1910.0,Зубные щетки и аксессуары,False,False
2026-09-29,MaxMarket,cf2c4b73-0f1c-418e-9239-6350072b6a79,Дезодорант Rexona Невидимая 150мл,2045.0,Дезодоранты и антиперспиранты,False,False
2026-09-29,MaxMarket,ba277f52-e9e4-4e6a-952b-beab102e864f,Гель д/душа Solzao Peach Beach Персик 400мл,2750.0,"Гели, муссы для душа",False,False
2026-09-29,MaxMarket,e0669471-02cf-4f8d-8e43-42fa8101a567,OLD SPICE ГЕЛЬ ДЛЯ ДУША + ШАМПУНЬ WOLFTHORN 400МЛ,1950.0,"Гели, муссы для душа",False,False
2026-09-29,MaxMarket,027b97cf-3cfa-4619-91f3-590aae87699e,Гель д/душа Solzao Amazonia In da city Лайм 400мл,2750.0,"Гели, муссы для душа",False,False
2026-09-29,MaxMarket,8da13da7-b523-426c-8c05-9cd3865cc8e6,Жидкость д/фумигатора Raid защита от насек. 30 ночей 21.9мл,955.0,"Гели, муссы для душа",False,False
2026-09-29,MaxMarket,7467b2e6-be79-4573-bed9-b1577424b34a,Гель д/душа Old Spice Captain 3в1 250мл,1695.0,"Гели, муссы для душа",False,False
2026-09-29,MaxMarket,d9d6b327-64c7-4ed4-9cc3-3475d715f09d,Ватные Палочки Бэлла №160 Пласт.упак.,950.0,Ватные диски и палочки,False,False
2026-09-29,MaxMarket,541ce8a9-58c8-463c-a84d-6ae5edb00aa4,Шампунь Pantene Pro-v блестящие и шелковистые 3в1 360мл,2435.0,Шампуни,False,False
2026-09-29,MaxMarket,b1b73ba1-97d0-4b16-bf43-8eb4518eaf63,Шампунь Pantene интенсивное восстановление 3в1 360мл,2615.0,Шампуни,False,False
2026-09-29,MaxMarket,f3856467-722f-40ef-98ea-25b84ff35c99,Шампунь Clear Men ментол 180мл,1740.0,Шампуни,False,False
2026-09-29,MaxMarket,1f0547f9-80bb-4aa3-9a8d-bbed00b1c0ab,Краска для волос Garnier №3 темный каштан,2000.0,Шампуни,False,False
2026-09-29,MaxMarket,163ebe85-2faa-43a9-a40d-43a48df8b181,Шампунь Wella яркий цвет 500мл,2530.0,Шампуни,False,False
2026-09-29,MaxMarket,7a3ba338-437d-463c-b8e2-4a3b27a2a77b,Шампунь Wella Объем надолго 500мл,2140.0,Шампуни,False,False
2026-09-29,MaxMarket,4464e47b-c841-4254-9cac-fc3b79268077,Шампунь CLEAR Men активспорт с ментолом 380мл,2775.0,Шампуни,False,False
2026-09-29,MaxMarket,2d344bb0-3a8b-4c8f-9461-a74347787e70,Бальзам Wella Чистое сияние 500мл,2435.0,"Бальзамы, кондиционеры, маски",False,False
2026-09-29,MaxMarket,7a799ac3-f462-4888-8658-d781bcfcf3cd,Бальзам Herbal Essences Аромат Кокоса 250мл,2160.0,"Бальзамы, кондиционеры, маски",False,False
2026-09-29,MaxMarket,73425ed2-10b9-4e03-860d-39d023c2c50a,Прокладки Eva ночные 10шт,1130.0,Прокладки и тампоны,False,False
2026-09-29,MaxMarket,9f93eb6c-d496-4b31-97fc-cc9bfb9fb987,Прокладки Eva дневные 12шт,1130.0,Прокладки и тампоны,False,False
2026-09-29,MaxMarket,bb10b489-80c3-48e2-a134-ed029a4d853d,Прокл. гигиен. Kotex Natural normal 8шт,815.0,Прокладки и тампоны,False,False
2026-09-29,MaxMarket,d8f80f5a-7d12-42e8-bdce-6dcf98518cd6,Ежедневки Eva гигиенические 30шт,1130.0,Прокладки и тампоны,False,False
2026-09-29,MaxMarket,e64a7df2-78fd-4deb-b1a9-44efaffea1f9,Проклад.гиг. Naturella classic макси 7шт/уп,800.0,Прокладки и тампоны,False,False
2026-09-29,MaxMarket,a562fee4-1e36-4a2c-aa06-a0060f5ea4cf,Проклад.гиг. Always Ultra Normal Plus 10шт/уп,1065.0,Прокладки и тампоны,False,False
2026-09-29,MaxMarket,b9391a7d-a46d-4db8-8e94-3781c6387259,Прокладки Always Ultra / Day&Night 7шт,1110.0,Прокладки и тампоны,False,False
2026-09-29,MaxMarket,db042b19-aaae-4b2a-ba20-a7edcc61364b,Прокладки Naturella нормал 10шт,940.0,Прокладки и тампоны,False,False
2026-09-29,MaxMarket,cfbaaf38-39e1-45a9-aebb-e3eb9d064570,Проклад.гиг. Always Ultra Super Plus single 8шт/уп,1110.0,Прокладки и тампоны,False,False
2026-09-29,MaxMarket,f45c9fa6-b94a-472f-b13b-810cc4bfee09,Прокладки Naturella макси 8шт,935.0,Прокладки и тампоны,False,False
2026-09-29,MaxMarket,6199ab4e-ed42-4aa6-9812-497563e7cae4,Ежедневные Прокладки Deo Normal 20шт Kotex,1965.0,Прокладки и тампоны,False,False
2026-09-29,MaxMarket,a81b70ac-4f0d-41fd-99ed-949021365346,Проклад.гиг. Naturella classic нормал 9шт/уп,805.0,Прокладки и тампоны,False,False
2026-09-29,MaxMarket,041d96c0-b3c7-4a80-b96e-e6749caba9aa,Прокл. гигиен. Kotex Ultra normal 10шт,990.0,Прокладки и тампоны,False,False
2026-09-29,MaxMarket,b1199a71-d715-4b1f-afce-5bf14849c3a1,Прокладки Libresse Invisible Нормал 10шт (розовые),1090.0,Прокладки и тампоны,False,False
2026-09-29,MaxMarket,8a827b2d-73b1-4ed5-9d61-f9cb1a06a34c,Масло President сливочное 82% 180г,1625.0,"Масло сливочное, топленое",False,False
2026-09-29,MaxMarket,d46b78d1-c3da-4aae-8083-ad99462f1d44,Масло President сливочное 82% 125г,1740.0,"Масло сливочное, топленое",False,False
2026-09-29,MaxMarket,dfa97b81-ee03-428b-995c-5a130555a6f3,"Сливочное масло Брест-Литовск 82,5% 180гр",1785.0,"Масло сливочное, топленое",False,False
2026-09-29,MaxMarket,4bb7c2fb-70f2-4b44-a36f-882c010f3ad3,Сливочное масло Пастушье 72.5% 180гр,490.0,"Масло сливочное, топленое",False,False
2026-09-29,MaxMarket,99aff0ed-a680-4be4-b70c-603ebaaf1e3e,Масло Простоквашино сливочное 82% 180гр,2985.0,"Масло сливочное, топленое",False,False
2026-09-29,MaxMarket,92f6d35c-6c9b-4696-8fd8-0e2a6396da7c,*Масло President сливочное 82% 400г,5375.0,"Масло сливочное, топленое",False,False
2026-09-29,MaxMarket,46742d94-4ec7-488a-a83f-40ddb93a5eb9,*Яйца Шымкент Кус С1 10шт/уп (контейнер),910.0,Яйцо,False,False
2026-09-29,MaxMarket,22b12a26-7291-4ec6-b138-47ae8071c888,*Яйца Шымкент Кус C1 10шт/уп,900.0,Яйцо,False,False
2026-09-29,MaxMarket,a2f4a583-57d0-4f28-9965-c3bd2119472a,*Молоко Lactel 2.5% 1л,895.0,Молоко,False,False
2026-09-29,MaxMarket,d03bb697-2cae-44e9-86a4-bbcf9e8e05a2,*Молоко Lactel пастеризованное 3.2% 1л,1020.0,Молоко,False,False
2026-09-29,MaxMarket,28001d59-d086-49e9-a7f6-1528b9b3dd80,"*Молоко петропавловское 2,5% 0.9л",605.0,Молоко,False,False
2026-09-29,MaxMarket,158a7a46-e716-4a0d-8e61-8ca25a69ca5a,*Молоко Петропавловское 3.2% 0.9л,685.0,Молоко,False,False
2026-09-29,MaxMarket,5a95d82d-e784-4799-9bfe-e950bc3c1949,Молоко Мое 3.2% 1л,985.0,Молоко,False,False
2026-09-29,MaxMarket,c9844841-0df1-4fa9-8ad3-a23abedb7de1,Молоко Мое 2.5% 1л,905.0,Молоко,False,False
2026-09-29,MaxMarket,0d40b84b-2433-4e4f-9e7c-1e219c12c1c8,"Молоко Шадринское конц. 7,1% 0,5л",1490.0,Молоко,False,False
2026-09-29,MaxMarket,db58f4e2-9972-4c85-bfdf-4c5739def140,Молоко сгущенное 3 желания с сахаром 270г дойпак,920.0,Молоко,False,False
2026-09-29,MaxMarket,40b8ae2b-afa0-4bab-9a4c-94d01ac39c1f,"Коктейль молочный Чудо клубника 2% 0,2л",545.0,Молоко,False,False
2026-09-29,MaxMarket,4c13d47a-3bb6-4a3d-b4fc-54605fe5cb3c,Молоко Простоквашино 3.2% 950мл,1710.0,Молоко,False,False
2026-09-29,MaxMarket,d761aa1d-275c-4dc2-8588-189082986379,"Молоко Бурненское 3,2% м/у",725.0,Молоко,False,False
2026-09-29,MaxMarket,65c66be0-01be-4187-8f0c-7d4e2520ae6d,"Молоко Бурненское 2,5% 1л м/у",700.0,Молоко,False,False
2026-09-29,MaxMarket,08419a65-abfa-43f6-bbf0-057e1e1b141e,Молоко домик в деревне 2.5% 950мл,1440.0,Молоко,False,False
2026-09-29,MaxMarket,fc2ffb23-e3a7-47aa-ba79-25d1bd1ab77b,"Молоко Бурненское 6,0% 1л м/у",755.0,Молоко,False,False
2026-09-29,MaxMarket,9e7c1159-32b6-4142-8133-be3d4a86bfbb,Молоко сгущенное 3 желания цельное 380г,1175.0,Молоко,False,False
2026-09-29,MaxMarket,b506714f-831f-4cee-9a7e-94a14260a6a5,Коктейль молочный Чудо шоколад 960мл,1670.0,Молоко,False,False
2026-09-29,MaxMarket,ea2b2b5a-d9f1-4371-b382-c1f06f8abf7b,"Молоко Петропавловское 6% 0,9л",785.0,Молоко,False,False
2026-09-29,MaxMarket,818af77e-9a2f-4c32-9588-025a4282fe2d,Молоко Простоквашино 1.5% 950мл,1495.0,Молоко,False,False
2026-09-29,MaxMarket,4465f421-cc37-4c54-bae0-9b8c7f1e1244,Молоко Шадринское 6% 950мл,2070.0,Молоко,False,False
2026-09-29,MaxMarket,91866ced-de26-4d7b-a2a3-96f2331d87cb,Молоко Домик в деревне 3.2% 950мл,1560.0,Молоко,False,False
2026-09-29,MaxMarket,c4855b42-40ed-4ba9-bf6a-33b2640fa781,Молоко Простоквашино 2.5% 950мл,1610.0,Молоко,False,False
2026-09-29,MaxMarket,88ecfcde-2435-41b4-9a98-a5b00099eb14,Сливки Домик в деревне 10% 0.2л,875.0,Сливки,False,False
2026-09-29,MaxMarket,65a19a5e-4f2e-492b-ba8a-24aa6c4992cf,Сливки Петропавловские 10% 250мл,630.0,Сливки,False,False
2026-09-29,MaxMarket,a1f25539-54d1-4905-80d8-41f52b471fa2,Сливки President 11% 0.5л,1665.0,Сливки,False,False
2026-09-29,MaxMarket,be929996-7a33-4ad5-ae35-f382ba92b110,Сливки Домик в деревне 20% 0.2л,1120.0,Сливки,False,False
2026-09-29,MaxMarket,50e13690-875f-48ce-b8c6-e3f88c62cdfd,Сливки Петропавловские 15% 250 мл,490.0,Сливки,False,False
2026-09-29,MaxMarket,e369b8f9-287d-4ef1-b03b-a3ad692358e8,Сливки Петропавловские 10% 500мл,1255.0,Сливки,False,False
2026-09-29,MaxMarket,ef39d1b4-f5aa-4323-95f1-ec8e8af4e91f,Тандем 1.2% 1л,660.0,Кефир и кисломолочные,False,False
2026-09-29,MaxMarket,73b7148d-ed0d-4cec-ac47-30c1c78f1ab0,Кымыз Акбастау 1л,2405.0,Кефир и кисломолочные,False,False
2026-09-29,MaxMarket,4bbf133e-5436-47b1-81cb-a9221a7653b9,Кымыран Акбастау 1л,2405.0,Кефир и кисломолочные,False,False
2026-09-29,MaxMarket,c819f675-2622-4985-9da9-cec84ea03718,Сыр Hochland творож.сливочн. 140гр,1235.0,"Творожный, сливочный",False,False
2026-09-29,MaxMarket,c068cda1-0969-43ce-a743-19abf4aa6cd4,Сыр President плав.сливочный 150г пласт.,1435.0,Полутвердый,False,False
2026-09-29,MaxMarket,704e78bc-532f-42a7-80cc-dd3f9d644043,Сыр плав. Hochland сливочный 50г,405.0,Полутвердый,False,False
2026-09-29,MaxMarket,40eb0e6b-f21a-4ac1-8903-d89a44204779,Сыр творожный Hochland сливочный 220г,1755.0,Полутвердый,False,False
2026-09-29,MaxMarket,557aa5ab-33d3-4b05-a258-b04795bd67b8,Сыр плавленый Hochland сливочный 200г,1640.0,Полутвердый,False,False
2026-09-29,MaxMarket,a727ea68-d469-4c8d-82a0-ef32abeeacef,Сыр плав. Hochland чизбургер 150г,1490.0,Полутвердый,False,False
2026-09-29,MaxMarket,88ccf00b-3728-4c7d-b133-9a5212a03c7c,Сыр Ламбер Gourmet 55% 230гр,3595.0,Полутвердый,False,False
2026-09-29,MaxMarket,18af5abb-ba00-49b6-b038-0e8cadafce77,Сыр плавленый Hochland сливочный 100г,755.0,Полутвердый,False,False
2026-09-29,MaxMarket,9cdabb76-0ca9-4f38-840f-d098cdbeadd0,Сыр Hochland сэндвич пластинки 150г,1490.0,Полутвердый,False,False
2026-09-29,MaxMarket,f2a4b9f0-50ba-47e0-96c0-1c9c75796f89,Сыр President плав. чизбургер 150г пласт.,1435.0,Полутвердый,False,False
2026-09-29,MaxMarket,f3d60102-f743-4224-b5c9-475a8cfa7657,Сыр плав. Hochland с грибами 200г,1940.0,Полутвердый,False,False
2026-09-29,MaxMarket,b6db7295-cf6f-472f-b5bb-b7e0299fc3b3,Сыр Hochland с грибами пластинки 150г,1490.0,Полутвердый,False,False
2026-09-29,MaxMarket,496f477d-6a4c-4d2c-98d8-83dfb62e2df6,Сыр плав. Hochland с ветчиной пластинки150г,1490.0,Полутвердый,False,False
2026-09-29,MaxMarket,1599fa80-a6a6-43b8-a57b-f5581a96dd1f,Сыр President плав.сливочный 140г круг,1390.0,Полутвердый,False,False
2026-09-29,MaxMarket,defde0e6-9d91-4faa-9db8-f5a2581c8362,Сыр President плав.c грибами 150г пласт.,1435.0,Полутвердый,False,False
2026-09-29,MaxMarket,f87293a8-0965-40dc-9791-c42dd96bf263,Сыр President плав. с грибами 200г ван.,1820.0,Полутвердый,False,False
2026-09-29,MaxMarket,67c4ac84-3aa3-4dea-913d-17790e9607a3,Сыр плавленый Hochland сливочный 400г,3095.0,Полутвердый,False,False
2026-09-29,MaxMarket,f919ea3f-c57b-4d60-91ae-293a8d3e9052,Чечил Чиззи нити ассортимент в/у,440.0,"Копченый, сулугуни, чечил",False,False
2026-09-29,MaxMarket,c7f551ed-a70b-4917-baa6-29d81dee9061,Чечил Чиззи ассортимент коса шт.,795.0,"Копченый, сулугуни, чечил",False,False
2026-09-29,MaxMarket,1a3cf4a5-e27c-49f6-b7bc-6167b2a061f7,Чечил Борте палочки 70гр,785.0,"Копченый, сулугуни, чечил",False,False
2026-09-29,MaxMarket,dceb8613-6320-48ae-ba3e-d7d50ab0d5b8,Сметана Food Мaster 15% 200г,685.0,Сметана,False,False
2026-09-29,MaxMarket,61d2e4a4-82d4-4b2c-b9d7-63e8f6c01d83,Творог President 9℅ 200г,815.0,Сметана,False,False
2026-09-29,MaxMarket,4a76159d-4916-42ee-8954-96076f95c41b,Коже Борте Розалина 1л,820.0,Сметана,False,False
2026-09-29,MaxMarket,5e7207d2-e67e-49a2-9323-52055ef9190f,Сметана President 20% 200г,745.0,Сметана,False,False
2026-09-29,MaxMarket,24f034b0-e48b-44b5-9846-97409a19d20f,Сметана Простаквашино 20% 300гр,1360.0,Сметана,False,False
2026-09-29,MaxMarket,2d529553-3b1f-4607-a969-cc40fcedf061,Творог Тайиба 500г вес.,1360.0,Сметана,False,False
2026-09-29,MaxMarket,ca707b6d-b68f-408e-93a5-e9413076d8a8,Сметана Простоквашино 15% 180г,855.0,Сметана,False,False
2026-09-29,MaxMarket,d3ce9ff6-9b3a-448d-b03e-7ba2bcf37331,Сметана Айс 15% 400гр,920.0,Сметана,False,False
2026-09-29,MaxMarket,d1ae8801-2121-4a89-8502-febbae88f62b,Сметана Айс 20% 400гр,1045.0,Сметана,False,False
2026-09-29,MaxMarket,9082619a-1972-438d-9102-778aee38caf9,Сметана Простоквашино 20% 180г,910.0,Сметана,False,False
2026-09-29,MaxMarket,ea4a2b13-e075-48b3-a75e-8da714777228,Пирожное Oreo fresh milk-snack 27гр,660.0,Творожные сырки,False,False
2026-09-29,MaxMarket,c08c70ef-312b-4909-bd4b-3fbd627c9a16,"*Йогурт питьевой Био-С ФМ клубника 0,9л",1005.0,Йогурт питьевой,False,False
2026-09-29,MaxMarket,dd56823f-1cf5-431a-a187-d76f47972d79,*Йогурт Food Master Био-С ваниль 1л,990.0,Йогурт питьевой,False,False
2026-09-29,MaxMarket,a33308c6-abac-4db3-82c7-8ec905cec71f,Кефир Food Master 2.5% 1л,765.0,Йогурт питьевой,False,False
2026-09-29,MaxMarket,317248e5-9a63-4b71-a41d-f91c44b00efe,"Йогурт Food Master пит. лесные ягоды 0,9л",980.0,Йогурт питьевой,False,False
2026-09-29,MaxMarket,f474a0d5-c6d9-40f7-82f7-10236032afa1,Кефир Food Master 1% 1л,765.0,Йогурт питьевой,False,False
2026-09-29,MaxMarket,299d34f2-b4df-4a55-9b34-79f9802a3473,Йогурт питьевой Био-С ФМ клубника 0.45л,650.0,Йогурт питьевой,False,False
2026-09-29,MaxMarket,1cca2fc8-58e1-4a32-a2a3-49e9cb3678de,Йогурт Био-С пит.ваниль 0.5л,640.0,Йогурт питьевой,False,False
2026-09-29,MaxMarket,1012e9c9-7125-475b-9a66-6e3af2e24f5d,Кефир Борте 2.5% 1л,760.0,Йогурт питьевой,False,False
2026-09-29,MaxMarket,ff1177df-8d34-4eb2-b37e-bdc2b318c549,Кефир Food master 2.5% 0.5л,450.0,Йогурт питьевой,False,False
2026-09-29,MaxMarket,e7768c3f-3a71-43dc-a010-94bfa5639698,Йогурт Food Master Снежок пит. 0.9л,875.0,Йогурт питьевой,False,False
2026-09-29,MaxMarket,ed550ed9-6cf3-49bb-8690-768412786f23,Йогурт пит. Живой Злаки 1% 280г,560.0,Йогурт питьевой,False,False
2026-09-29,MaxMarket,53989953-9938-4724-bf81-213d95fbf77f,Йогурт пит.Активиа черника/злаки/лен 270мл,705.0,Йогурт питьевой,False,False
2026-09-29,MaxMarket,baa74d7d-c16c-47f1-9d45-02b3467bbc8a,Йогурт питьевой Снежок 2% 450г,515.0,Йогурт питьевой,False,False
2026-09-29,MaxMarket,e40e3f31-681b-4cf9-be66-9629b6e960b2,Творожок Растишка 45г клубника/пломбир/банан,1320.0,Йогурт густой,False,False
2026-09-29,MaxMarket,306817bf-87ba-445d-9ec1-e0d8c3aeb128,Сырок Чудо шоколад 40г,545.0,Йогурт густой,False,False
2026-09-29,MaxMarket,fbe4b833-40d8-49a9-82f0-9ea4cd16218f,"Йогурт Эрмигурт ананас дыня 3,2% 100гр",320.0,Йогурт густой,False,False
2026-09-29,MaxMarket,2fc1971b-399f-4fe1-83d8-6e9b8b0429ce,Сырок Простоквашино клубника 40г,640.0,Йогурт густой,False,False
2026-09-29,MaxMarket,142d1002-c0a1-4614-ad14-715fc14886f2,Йогурт Нежный абрикос-манго 5% 100г,320.0,Йогурт густой,False,False
2026-09-29,MaxMarket,2cb46249-9944-4f27-978f-19679c36a970,Йогурт Food Master Живой клубника 110г,325.0,Йогурт густой,False,False
2026-09-29,MaxMarket,9cb1dfe0-6542-43ba-9bad-76a0edd46f68,Йогурт Эрмигурт персик манго 3.2% 100гр,320.0,Йогурт густой,False,False
2026-09-29,MaxMarket,5c8e0bc5-7dc0-41ca-8514-a8bd22361a95,Йогурт Нежный персик 5% 100гр,320.0,Йогурт густой,False,False
2026-09-29,MaxMarket,4d6fcd9e-96f1-4c8c-9381-3eeb9600ed79,Йогурт Food Master греческий 300гр,910.0,Йогурт густой,False,False
2026-09-29,MaxMarket,031c553b-31b3-4a9d-a418-08de80567870,Сырок Живой глаз.клубника 36г,380.0,Йогурт густой,False,False
2026-09-29,MaxMarket,2a0d2c8a-f19c-4670-bf00-676961863b76,"Йогурт греческий FM натуральный 8,4% 130г",505.0,Йогурт густой,False,False
2026-09-29,MaxMarket,6e116078-e725-4230-a0d4-50bce6b26ce6,Сырок Живой глазир. сгущенка 36г,380.0,Йогурт густой,False,False
2026-09-29,MaxMarket,88c608cb-7b8b-4a95-bc0b-55bc519e1aa0,Йогурт Нежный персик 1.2% 100г,240.0,Йогурт густой,False,False
2026-09-29,MaxMarket,889f7e3d-ab75-402b-845f-29f6ff3ef20a,Йогурт Нежный малина/земляника 5% 100г,320.0,Йогурт густой,False,False
2026-09-29,MaxMarket,a5bf71b3-a54b-47ca-a3dd-2317dbaa0b0d,Йогурт Нежный клубника 5% 100гр,320.0,Йогурт густой,False,False
2026-09-29,MaxMarket,568407de-71b9-4bfb-9bbe-f952bde8d836,Курт BARAKA premium 70гр.,675.0,Национальные десерты,False,False
2026-09-29,MaxMarket,de0092b9-b006-4a4a-99cf-fd2baf377daa,Курт Baraka 4шт/уп,420.0,Национальные десерты,False,False
2026-09-29,MaxMarket,1d74419d-60bd-480a-93d4-5aa1587879ff,Курт Baraka классический 6шт в/у,625.0,Национальные десерты,False,False
2026-09-29,MaxMarket,d61e7907-21e1-4804-baea-d87de85eec85,Колбаски Микоян Snexi классические 75г,1095.0,Колбасы,False,False
2026-09-29,MaxMarket,9acde5b3-7675-487b-8c30-ada6b7e9b629,*Колбаса Нарлен Президентская мал-я в/с шт,2025.0,Колбасы,False,False
2026-09-29,MaxMarket,98601c93-ae7f-4730-845b-91aafc4d88e2,Колбаса вар. Папа может мясная 0.4кг,1590.0,Колбасы,False,False
2026-09-29,MaxMarket,d836666c-ed20-40db-87a0-f2e91ddd1fc1,*Колбаса Нарлен Краковская 1/с шт,1775.0,Колбасы,False,False
2026-09-29,MaxMarket,3f12afb0-eae7-406d-b680-0661f6e22d8c,Колбаса Нарлен докторская в/с мал-я,2290.0,Колбасы,False,False
2026-09-29,MaxMarket,64e81747-1d1b-4d0a-b06c-d0942b0af5e7,Колбаса Белорусская традиция Копченая на дровах с сыром 460гр,4005.0,Колбасы,False,False
2026-09-29,MaxMarket,eb4a3009-bdc5-4d67-bb83-f41f2edd045f,Колбаса Черкизово богородская шт.,2325.0,Колбасы,False,False
2026-09-29,MaxMarket,041d9622-3aa9-4b80-9d43-8cf0c222299f,Нарезка Микоян Салями Милано 100гр,1165.0,Колбасы,False,False
2026-09-29,MaxMarket,2468b6bd-770d-4973-a7e8-59cb6ae09530,"Нарезка Черкизово салями Астория 0,085гр",1055.0,Колбасы,False,False
2026-09-29,MaxMarket,2a4d54a9-1d01-4024-a5a4-199c36bb29b5,Колбаса Папа может варенка филейная 0.5кг,1840.0,Колбасы,False,False
2026-09-29,MaxMarket,ca521295-0ede-40b0-9713-151861d64490,Колбаса вар. Папа может экстра 0.4кг,1595.0,Колбасы,False,False
2026-09-29,MaxMarket,b4823fc3-2409-49de-bf1a-016542bad056,Куриный рулет Нарлен 400гр,1755.0,Колбасы,False,False
2026-09-29,MaxMarket,d805793b-200f-492a-9c0f-d09989ac882f,"Колбаса Молочная по-Черкизовски вареная0,4",1825.0,Колбасы,False,False
2026-09-29,MaxMarket,94bc5ce3-c3cf-49af-bee8-1ecd87505522,Колбаса вар. Папа может говяжья 0.4кг,1660.0,Колбасы,False,False
2026-09-29,MaxMarket,6e817d99-2184-4656-9288-8f6f07ed7fd7,Колбаса Черкизово Московская 500гр,4050.0,Колбасы,False,False
2026-09-29,MaxMarket,1c80c805-a7d6-461e-ac5d-6924769ed967,Подушка Нарлен из курицы 550гр,2405.0,Колбасы,False,False
2026-09-29,MaxMarket,8080f7d8-9973-430e-ab32-4db0b7d5ebfa,Сервелат Микоян Московский 0.35кг,2320.0,Колбасы,False,False
2026-09-29,MaxMarket,826999e9-ce2f-4e3f-b121-d8dd3015e9ec,"Сервелат Папа может финский срез в/у 0,35",1970.0,Колбасы,False,False
2026-09-29,MaxMarket,f12fc905-3782-4d8f-ba2f-220ad13e876e,Сервелат Таллинский Микоян 0.35кг,2215.0,Колбасы,False,False
2026-09-29,MaxMarket,3701f83b-04d2-47ba-b47a-a595d8c61c9e,Колбаса Папа может Экстра с/к 250гр,2330.0,Колбасы,False,False
2026-09-29,MaxMarket,0722ecf0-8410-42c6-9895-9194af43774d,"Колбаса Черкизово бородинская с/к 0,3 шт.",2260.0,Колбасы,False,False
2026-09-29,MaxMarket,69700606-72ef-487a-8867-7844e45f5c26,Сервелат Микоян коньячный 0.35кг,1990.0,Колбасы,False,False
2026-09-29,MaxMarket,b435601e-12dd-4442-b1ad-52b7c9e03eae,"Сервелат Папа может русский срез 0,31",1885.0,Колбасы,False,False
2026-09-29,MaxMarket,d7b3cc69-50af-400c-81a9-d69dccba4086,Сервелат Микоян миндальный 0.35кг,1935.0,Колбасы,False,False
2026-09-29,MaxMarket,a4e81e10-5dfe-4144-b659-bc6d8596f144,Сервелат Микоян российский 0.35кг,2215.0,Колбасы,False,False
2026-09-29,MaxMarket,eeb1017c-a2cc-41a1-ae0d-ba0378d4123c,Колбаса Папа может Юбилейная с/к 250гв/у,2450.0,Колбасы,False,False
2026-09-29,MaxMarket,21de7768-2c51-47c4-8ce0-ec0102a795a8,Сервелат Черкизово Сервелетти с/к 250гр,2775.0,Колбасы,False,False
2026-09-29,MaxMarket,9d9a66ea-05e1-4de3-89de-0b7711ec942f,"Сервелат Папа может копчен.на буке срез 0,35",2245.0,Колбасы,False,False
2026-09-29,MaxMarket,fce8a103-572c-4328-ac22-9079f317ad97,Сосиски нарлен Куриные 1/с 460г,1490.0,"Сосиски, сардельки, шпикачки",False,False
2026-09-29,MaxMarket,6831cd89-aecd-4764-a0c4-654b0d420341,Ветчина по-швейцарски Знаменский в/у,2405.0,"Сосиски, сардельки, шпикачки",False,False
2026-09-29,MaxMarket,86b2e724-b76c-4998-861a-010459029ea5,Бекон Черкизово копченый с/к 180гр,1825.0,"Сосиски, сардельки, шпикачки",False,False
2026-09-29,MaxMarket,84073e9d-1977-4dea-960d-9e72e9edfd62,Сосиски Папа может сочные 0.45кг,1625.0,"Сосиски, сардельки, шпикачки",False,False
2026-09-29,MaxMarket,64f00049-1c5c-4784-a818-d5f2e559c74e,Сосиски копченые по Черкизовски 400г,1755.0,"Сосиски, сардельки, шпикачки",False,False
2026-09-29,MaxMarket,df0b8360-d1cf-4d0d-b6e5-c5bddbbac2ab,Сосиски Папа может сливочные 0.45кг,1735.0,"Сосиски, сардельки, шпикачки",False,False
2026-09-29,MaxMarket,3bccbb93-bfb4-44c0-bee3-9a3e3df8f81a,Бекон Орловский варен./копч. 350г,2095.0,"Сосиски, сардельки, шпикачки",False,False
2026-09-29,MaxMarket,fe049a2e-0a56-46a1-a4c2-e224c9452c4a,Ветчина по-итальянски Знаменский в/у 500г,3755.0,"Сосиски, сардельки, шпикачки",False,False
2026-09-29,MaxMarket,32e35e36-d925-4098-a9e4-c247b368e8c1,Сардельки Нарлен говяжьи 620гр,2350.0,"Сосиски, сардельки, шпикачки",False,False
2026-09-29,MaxMarket,37f59438-7928-49a7-853a-c6c8b041fe56,Сосиски Папа может мясные с говядиной 600гр,2030.0,"Сосиски, сардельки, шпикачки",False,False
2026-09-29,MaxMarket,2a8dec5a-2c41-4744-9b8e-971eb1f29e8d,Нарезка Черкизово Сервелетти/Прошутто 85гр,1440.0,"Ветчина, бекон",False,False
2026-09-29,MaxMarket,f83caf11-c560-4118-a531-15c257a7d185,"Шоколад Kinder country мол. 23,5г",430.0,Конфеты весовые,False,False
2026-09-29,MaxMarket,67c648e0-7c4d-4e7e-be85-e26cd649cc49,Драже M&M`s шоколад 45г,545.0,Конфеты весовые,False,False
2026-09-29,MaxMarket,d2b37669-64a4-4385-ba4a-61aa2243126b,Батончик Snickers minis 180гр,1525.0,Конфеты весовые,False,False
2026-09-29,MaxMarket,84a7174a-00a8-4a4c-be99-bd4a471a1b8b,Драже M&M's арахис 45г,545.0,Конфеты весовые,False,False
2026-09-29,MaxMarket,5f7fc90f-4c58-48cd-9687-1776b7c167e0,Батончик Twix minis 184гр,1525.0,Конфеты весовые,False,False
2026-09-29,MaxMarket,c352b58a-e478-4a66-a15f-05dbd7162286,Конфеты FruitStore чернослив с грец.орехом 500гр,3140.0,Конфеты весовые,False,False
2026-09-29,MaxMarket,b2e6a1d5-c552-4b3b-9077-65353dc23dca,Конфеты Ярче арахис 500г,1400.0,Конфеты весовые,False,False
2026-09-29,MaxMarket,fd1a4bc9-f312-4eb4-8f0c-d2c6c0262933,Батончик Mars minis 182гр,1525.0,Конфеты весовые,False,False
2026-09-29,MaxMarket,a3b5c599-001a-43ae-8dee-29b0b9aeb1df,Конфеты Чио-Рио шоколад. 500гр,1810.0,Конфеты весовые,False,False
2026-09-29,MaxMarket,006c3725-ba4f-42cf-b72a-f6060d01de33,Конфеты FruitStory персик с арахисом в шок. 500г,2450.0,Конфеты весовые,False,False
2026-09-29,MaxMarket,e7089235-5137-4f56-8b5c-4fa596a40557,Конфеты Крокант грильяж 500г,1645.0,Конфеты весовые,False,False
2026-09-29,MaxMarket,6a55aa36-27f1-4547-8c17-ebbd06f6134f,Конфеты Toffifee 125г,2050.0,Конфеты весовые,False,False
2026-09-29,MaxMarket,348c94cc-bef3-4a87-84ca-9325ff4b378f,Конфеты Raffaello 200г к/к торт,4365.0,Конфеты весовые,False,False
2026-09-29,MaxMarket,12d3d8a0-8ca9-4d18-9fbf-0ee2562a8470,Конфеты NutStory Фундук в шок.глазури 500г,2835.0,Конфеты весовые,False,False
2026-09-29,MaxMarket,cc8438b8-6869-4062-817c-f6b7d84e5bf1,Конфеты Ferrero Rocher 125гр,3780.0,Конфеты весовые,False,False
2026-09-29,MaxMarket,6799c071-e249-485d-9dc9-811b8b673cec,Батончик Albeni mini 500г,4210.0,Конфеты весовые,False,False
2026-09-29,MaxMarket,4a32733e-b6c4-4300-97f0-0f42598f0e13,Печенье Albeni bites 500г,3665.0,Конфеты весовые,False,False
2026-09-29,MaxMarket,313a1343-e27d-4a93-83cf-bde8e31b49d5,Конфеты Raffaello 240г п/кор.,4655.0,Конфеты весовые,False,False
2026-09-29,MaxMarket,6e65bdec-b273-4496-8d9b-cd799a6f8144,Конфеты Raffaello 100г к/к торт,3170.0,Конфеты весовые,False,False
2026-09-29,MaxMarket,e1ef2f8f-466b-465b-b3ee-afa02392df10,Шоколад Alpen Gold молочный с фундуком 85г,790.0,Шоколад плиточный,False,False
2026-09-29,MaxMarket,19875f5f-3550-49c5-8612-353c6c4fcdb9,Шоколад молоч. Babyfox с молоч. начинкой 45гр,320.0,Шоколад плиточный,False,False
2026-09-29,MaxMarket,ec2bbf3b-7339-4085-aba4-f01c53b73104,Шоколад Milka молочный пористый 76г,1170.0,Шоколад плиточный,False,False
2026-09-29,MaxMarket,e47b4d0f-19d5-4c36-a914-9fda3565e7cf,Шок. яйцо Kinder сюрприз пираты/монстры 20г,805.0,Шоколад плиточный,False,False
2026-09-29,MaxMarket,9f84145e-e43c-4bdb-85af-3be96f6657e5,Шоколад Milka молочный с печеньем Lu 87г,1490.0,Шоколад плиточный,False,False
2026-09-29,MaxMarket,d6f5232e-01ed-43b1-87de-8a2debb5c6f0,Шоколад Milka Молочный с фундуком 80г,1255.0,Шоколад плиточный,False,False
2026-09-29,MaxMarket,5e7e123b-7dd6-43bd-b772-b8cf939b3d51,Шоколад Milka молочный 90г,1255.0,Шоколад плиточный,False,False
2026-09-29,MaxMarket,be83eacf-8f1f-4343-b17a-926224411c38,Конфеты Raffaello 150г,2940.0,Шоколад плиточный,False,False
2026-09-29,MaxMarket,00dff0ba-002b-41fa-ad75-2654d6a56fbe,Шоколад Alpen Gold Oreo класс. 90гр,790.0,Шоколад плиточный,False,False
2026-09-29,MaxMarket,2b4c8cf7-654d-4fd7-b65f-b8e2e2987dcf,Шоколад Milka молочный с соленым крекером Tuc 87г,1490.0,Шоколад плиточный,False,False
2026-09-29,MaxMarket,4acbf9a9-0a30-4187-ae2c-f106ce354314,Шоколад Победа темный б/сахара 57% 100гр,1800.0,Шоколад плиточный,False,False
2026-09-29,MaxMarket,067e415f-3d87-4429-8173-a9413ef255f9,Шоколад Milka молоч. цельный миндаль 85г,1325.0,Шоколад плиточный,False,False
2026-09-29,MaxMarket,735eb315-781a-4a4f-9f0d-3bf55d949994,Ореховая паста Nutella 630г ст/б,6010.0,Шоколад плиточный,False,False
2026-09-29,MaxMarket,bbebbfe2-fa08-426e-8ee8-224e976df4d6,Паста Milka ореховая 350гр,2525.0,Шоколад плиточный,False,False
2026-09-29,MaxMarket,208aaca0-13d5-4838-8601-f0bea9e123d8,Сыр плавленый Hochland грибы 140гр круг.,1465.0,Шоколад плиточный,False,False
2026-09-29,MaxMarket,9fccb725-2ae4-4494-bd88-024f4a72141e,Яйцо Kinder Joy маль. 20г,1015.0,Шоколадные яйца,False,False
2026-09-29,MaxMarket,11ae1172-c22b-4ae9-861e-7cee326b5bb1,Батончик Ozera extra milk&nazelnuts 45г,460.0,Шоколадные батончики,False,False
2026-09-29,MaxMarket,ec803b7d-c3fc-4467-bb2d-61eb25fed9f5,Набор Kinder Maxi Mix 202гр,4040.0,Праздничные сладости,False,False
2026-09-29,MaxMarket,5c7f6ab5-cb2d-4638-aed8-e2b3296e4d8a,Набор Kinder микс 178гр,3910.0,Праздничные сладости,False,False
2026-09-29,MaxMarket,266a4a97-4963-4328-9538-77dee43ad32b,Набор Новогодний Яшкино Сумочка 400гр,3280.0,Праздничные сладости,False,False
2026-09-29,MaxMarket,3191236b-d840-41fe-892b-347eb916e193,Набор Kinder с игрушкой 137гр,6065.0,Праздничные сладости,False,False
2026-09-29,MaxMarket,49505a25-997c-4bb3-a9dd-55ad607c2b16,*Чипсы Lays рифленые лобстер 140г,1355.0,Чипсы,False,False
2026-09-29,MaxMarket,e8db8214-ef5f-45ae-bf95-72c0899cbbef,*Чипсы Lays рифленые сметана/лук 140г,1355.0,Чипсы,False,False
2026-09-29,MaxMarket,a8869a7c-c6fc-43a1-bf2c-0623364a9bd7,Чипсы Lays сметана/зелень 140гр,1315.0,Чипсы,False,False
2026-09-29,MaxMarket,a12754aa-9519-4e56-843a-cf9d034b628e,Сухарики Кириешки ветчина/сыр 100г,255.0,Чипсы,False,False
2026-09-29,MaxMarket,f6eb8730-738f-432e-b296-16b9e1341a0b,Чипсы Lays из печи лисички в сметане 85г,990.0,Чипсы,False,False
2026-09-29,MaxMarket,9d4ad87d-d5bb-4c87-a66f-1bcfeb0b147d,Чипсы Lays STAX аром.ребрышки барбекю 140 г,2560.0,Чипсы,False,False
2026-09-29,MaxMarket,10a9ed18-7fac-4962-a632-a35cd20df955,Сухари Кириешки семга+тартар соус 100г,330.0,Чипсы,False,False
2026-09-29,MaxMarket,09109979-ccd1-4002-89a2-4279605f6345,Чипсы Lays из печи нежный сыр 85г,1035.0,Чипсы,False,False
2026-09-29,MaxMarket,f03ab72b-34f9-4f84-8c71-73ef40aba916,Сухари Flint сыр 100г,470.0,Чипсы,False,False
2026-09-29,MaxMarket,4389c831-97f0-417d-9064-624b09ab428f,Чипсы Doritos Перец Острый 70гр,850.0,Чипсы,False,False
2026-09-29,MaxMarket,aa12d3a8-5e19-458f-b9d8-23c4fca21db7,Сухари Flint салями 100г,470.0,Чипсы,False,False
2026-09-29,MaxMarket,3dea445b-45b1-40a7-b2f0-b9b8427e288b,Крекер TUC колбаски 100гр,600.0,Чипсы,False,False
2026-09-29,MaxMarket,5dd522cd-5045-4b96-a934-457354e37dda,Чипсы Lays краб 140г,1315.0,Чипсы,False,False
2026-09-29,MaxMarket,7e6da860-2e0e-425f-a554-69d5f9301765,Сухари Flint сметана/зелень 100г,470.0,Чипсы,False,False
2026-09-29,MaxMarket,3b50ae35-813a-46d7-956e-313a70b314c3,Сухари Flint шашлык 100г,470.0,Чипсы,False,False
2026-09-29,MaxMarket,fdbc0fef-6f27-418f-b577-122fec57f16b,Сухари Flint краб 100г,470.0,Чипсы,False,False
2026-09-29,MaxMarket,27d9255f-247f-414a-9294-1ca24c99ee1e,Чипсы Lays STAX сметана/лук 140 гр,2560.0,Чипсы,False,False
2026-09-29,MaxMarket,fe1e31e3-19e8-45f6-b94f-d7d0ccd7ad7b,Чипсы Fan красная икра 65г,395.0,Чипсы,False,False
2026-09-29,MaxMarket,54a1a6be-f77d-4bf9-bd88-5c660ad83807,Чипсы Lays Зеленый лук 140гр,1310.0,Чипсы,False,False
2026-09-29,MaxMarket,2e1881dc-91dc-419c-8afb-70992dd3510d,Крекер TUC сметана/лук 100гр,600.0,Чипсы,False,False
2026-09-29,MaxMarket,2d9f3824-2b74-42c8-b0d4-00c7ad5e695b,Крекер Tuc сыр 100г,600.0,Чипсы,False,False
2026-09-29,MaxMarket,7bb7fa67-fe82-41b6-8f9b-aeb2a55a29da,Сухари Flint сыр 190г,790.0,Чипсы,False,False
2026-09-29,MaxMarket,5bfbf64f-6121-4233-8b55-a78c82a192e0,*Семечки Джинн Великан с солью 300г,1590.0,Орехи,False,False
2026-09-29,MaxMarket,fd2366e9-e0fc-4675-bca3-697cf22baf45,Семечки Джинн с морской солью 140г,705.0,Орехи,False,False
2026-09-29,MaxMarket,8b206375-c39f-48ed-a7ec-b649a9743d72,Грецкий орех Восточный Базар 150г,1045.0,Орехи,False,False
2026-09-29,MaxMarket,879ed73b-4462-4aab-9961-199fde294028,Семечки джинн подсолнечника жареные 70г,370.0,Орехи,False,False
2026-09-29,MaxMarket,1d1dbaf0-3793-41d3-a4a5-7d63eeee1f57,Семечки Джинн с морской солью 250г,1220.0,Орехи,False,False
2026-09-29,MaxMarket,92d57fa3-1a99-4abb-bb71-84a5d09ae754,Курага Восточный Базар 200г,1150.0,Орехи,False,False
2026-09-29,MaxMarket,161a6001-9e42-40f1-9785-0563e285d4f5,Изюм Восточный базар светлый Изабелла 180г,850.0,Орехи,False,False
2026-09-29,MaxMarket,8699f9c3-36d2-407d-985c-4297f59c73ee,Семечки Ермак черные без соли 200гр,1440.0,Орехи,False,False
2026-09-29,MaxMarket,2509673e-8771-40a9-aa02-3adf4d8109da,Семечки Джинн жареные 250г,1220.0,Орехи,False,False
2026-09-29,MaxMarket,7be83e60-08cf-47d9-900b-ecb5ab5e40b4,Семечки Джинн с морской солью 70г мяг/уп,370.0,Орехи,False,False
2026-09-29,MaxMarket,10e66687-c9ae-478c-be80-17ea286b7718,Рогалики Бархан со сгущенкой 6шт/уп,525.0,"Сушки, баранки, сухари",False,False
2026-09-29,MaxMarket,7161c27e-d51f-403f-ad7d-2adbaa1aa86f,Булочки Сердечки Бархан 4шт/уп,480.0,"Сушки, баранки, сухари",False,False
2026-09-29,MaxMarket,1786b8c2-94c3-40e6-bec3-0cb4a0986238,Тараллини Nina Farina томат и травы 180 г,450.0,"Сушки, баранки, сухари",False,False
2026-09-29,MaxMarket,bc3437be-5dcf-45c9-9b23-99911175c84d,Тараллини Nina Faria классические 180гр,490.0,"Сушки, баранки, сухари",False,False
2026-09-29,MaxMarket,de7a3f4c-40cf-4b5f-81f7-40d080dcaf5f,Ватрушка Бархан ассортимент 4шт/уп,480.0,"Сушки, баранки, сухари",False,False
2026-09-29,MaxMarket,fa44a77a-1d69-458e-bb57-1b0378f806e0,Сухари Fine Bakery бородинские 350г,1280.0,"Сушки, баранки, сухари",False,False
2026-09-29,MaxMarket,7e9fc499-83eb-4e7f-b5d2-e49608769b40,Сухари Fine Bakery молочные 350гр,1490.0,"Сушки, баранки, сухари",False,False
2026-09-29,MaxMarket,a5559ea5-169f-450b-a7d3-7e67c2a87df7,Мини-круассаны Яшкино шоколад.крем 180гр,800.0,Пряники,False,False
2026-09-29,MaxMarket,87b99b69-442a-4df9-96a0-594c5ffa286d,"Батончик Snickers 50,5г",475.0,Пряники,False,False
2026-09-29,MaxMarket,cb8e8bee-3834-49a9-8149-74ddb31ee304,Вафли Яшкино мягкие шоколад 120г,490.0,Пряники,False,False
2026-09-29,MaxMarket,26041fcf-5341-457a-b79f-ca5971e56591,Печенье Oreo какао/ваниль 95г,600.0,Пряники,False,False
2026-09-29,MaxMarket,737e570c-642b-4884-ad98-c38d5ec969e7,Батончик Bounty Trio 82.5г,765.0,Пряники,False,False
2026-09-29,MaxMarket,2aed5fe0-cf0c-4b3c-9261-25edfb5eb440,Печенье Сайрам Нан медовое 400г,850.0,Пряники,False,False
2026-09-29,MaxMarket,96aca23d-6dd1-451a-ae1f-e109324d741a,Драже Крекер Рыбка в мол.шок.глазури 500гр,2615.0,Пряники,False,False
2026-09-29,MaxMarket,cfec33d4-fdfc-483a-88bb-426f7d63e38b,Коржик Сайрам Нан 600гр,830.0,Пряники,False,False
2026-09-29,MaxMarket,4e9870c3-fa51-45ec-8463-ee86194f3bf7,Вафли Яшкино мягкие со сгущенкой 120гр,460.0,Пряники,False,False
2026-09-29,MaxMarket,e98c806a-d530-43cb-808a-181ef77ca43d,Бисквит Milka Soft & Choc 175гр,2195.0,Пряники,False,False
2026-09-29,MaxMarket,a0a9c166-fd75-4a7d-bb14-84716054f05f,Вафли Яшкино шоколадные 200г,560.0,Пряники,False,False
2026-09-29,MaxMarket,21746b30-fb11-404e-a991-ea9fa152d2d0,Вафли Яшкино глазир. с фундуком 200г,630.0,Пряники,False,False
2026-09-29,MaxMarket,73c127c3-8a81-41c4-ba7a-0078f0a0299a,Печенье Albeni Round 8шт,2200.0,Пряники,False,False
2026-09-29,MaxMarket,75cc51e3-2cad-4481-9ff7-9aab436db632,Печенье Сайрам Нан Овсяное,920.0,Пряники,False,False
2026-09-29,MaxMarket,c4cf81b1-94bf-4a47-8acf-4e6a8fb3f60f,Мини-круассаны Яшкино сливоч.крем 180гр,800.0,Пряники,False,False
2026-09-29,MaxMarket,acf4c442-f786-4ea2-bb55-4fcdbaa4a139,Драже M&M арахис 80гр,940.0,Пряники,False,False
2026-09-29,MaxMarket,888892e6-4806-44d1-988b-3be2da1bec09,Мини-рулеты Яшкино клубника 175гр,630.0,Пряники,False,False
2026-09-29,MaxMarket,22ebca70-ec3c-480b-b0e1-ba4f94fea989,Печенье Oreo Strawberry Cheesecake 95гр,650.0,Пряники,False,False
2026-09-29,MaxMarket,385af84c-4748-481f-8186-7bce39064a33,Кекс Сайрам Нан день и ночь 440г,890.0,Пряники,False,False
2026-09-29,MaxMarket,61cc7cbf-31d8-41ea-b61b-0fd647af0684,Рулет Яшкино какао глазир. 200г,630.0,Пряники,False,False
2026-09-29,MaxMarket,77b8cfde-a4eb-4f06-b834-14799960ee8b,Рулет Яшкино вареная сгущенка 200гр,625.0,Пряники,False,False
2026-09-29,MaxMarket,683d417a-d94e-4a69-b826-fbe98e053143,Мини-рулеты Яшкино с соленой карамелью 200г,775.0,Пряники,False,False
2026-09-29,MaxMarket,a5b8c96d-ef0c-443c-aef7-138848b266da,Мини-круассаны Яшкино клубника 180г,800.0,Пряники,False,False
2026-09-29,MaxMarket,531300dc-d276-4aac-8443-94a733e9e770,Вафли Яшкино мягкие вишня 120г,460.0,Пряники,False,False
2026-09-29,MaxMarket,29b7df4b-5295-4171-92a7-ebf8e78e6b2f,Печенье Яшкино сдобное апельсин 137гр,480.0,Пряники,False,False
2026-09-29,MaxMarket,2d063cb0-6a66-4aab-8304-3ac789ade725,Печенье Oreo шоколадный вкус 95г,650.0,Пряники,False,False
2026-09-29,MaxMarket,94d5be72-90fe-49b5-976f-e97842c31ea8,Батончик Twix Xtra 82г,705.0,Пряники,False,False
2026-09-29,MaxMarket,ce2f058a-3ac1-440b-a554-e11c0e8aba8e,Печенье Рахат Яблочко 350гр,705.0,Пряники,False,False
2026-09-29,MaxMarket,0cb017f1-11d2-4d68-9d79-dffc7e957f45,Шоколад Alpen Gold фундук и изюм 85г,790.0,Пряники,False,False
2026-09-29,MaxMarket,fa68b2a3-e907-439d-9ae2-d815d1773c5a,Батончик вафельный Nutella 22г,430.0,Пряники,False,False
2026-09-29,MaxMarket,cef3e3b3-7634-4556-bdac-2897aa45c014,Драже Skittles кисломикс 70г,710.0,Пряники,False,False
2026-09-29,MaxMarket,6aea4649-619a-4906-905d-f7d0516797ca,Батончик Twix 55г,475.0,Пряники,False,False
2026-09-29,MaxMarket,b465d78d-6add-454c-85b8-95091681ed8d,Мини-пряник Яшкино с малиновой начинкой 300гр,705.0,Пряники,False,False
2026-09-29,MaxMarket,77c209bf-4c4a-4370-898a-9f7d121b25bd,Печенье Рахат Яблочко 500г,935.0,Пряники,False,False
2026-09-29,MaxMarket,2ce4049a-fb8f-4118-8322-12e51c613aa5,Шоколад Alpen Gold клубника/йогурт 85г,920.0,Пряники,False,False
2026-09-29,MaxMarket,1081ab63-7844-420a-8329-b2fff6d32189,Шоколад Alpen Gold черника йогурт 85г,1150.0,Пряники,False,False
2026-09-29,MaxMarket,b35acace-ca82-4135-8c3c-959e2bd6e185,Кекс Сайрам Нан с клубникой,860.0,Пряники,False,False
2026-09-29,MaxMarket,b232aee1-1d37-41ab-b3cd-f30f0e4332ea,Драже Skittles фруктовый 70г,705.0,Пряники,False,False
2026-09-29,MaxMarket,ac3f019b-494a-4a0f-b001-83fb897a673d,Пряники Сайрам нан овал 500г,690.0,Пряники,False,False
2026-09-29,MaxMarket,8af421c0-d9d0-45ad-a288-db3db4a2e47b,Вафли Рахат сюрприз 110г,295.0,Пряники,False,False
2026-09-29,MaxMarket,c656026f-d2a3-4735-91a8-c4d95f8ee0c0,Шоколад Яшкино белый 90г мяг/уп,790.0,Пряники,False,False
2026-09-29,MaxMarket,30e74b3c-4604-42ef-8887-fdec1ed4a908,Шоколад Alpen Gold арахис/кукуруз. хлопья 85г,920.0,Пряники,False,False
2026-09-29,MaxMarket,57790e00-630e-44a7-91e6-26e69d178a21,Пряники Яшкино классические 350г,665.0,Пряники,False,False
2026-09-29,MaxMarket,1a694ba0-a34d-43e2-b2e4-191ba95083c5,Рулет Яшкино клубника/сливки 200г,625.0,Пряники,False,False
2026-09-29,MaxMarket,64e72adc-e7e9-408e-a56c-3afabeea8bc4,Пряники Яшкино мятные 350гр,635.0,Пряники,False,False
2026-09-29,MaxMarket,3909c748-3ee4-4d33-a4b4-abd20f0a415f,Шоколад Alpen Gold миндаль/кокос 80гр,790.0,Пряники,False,False
2026-09-29,MaxMarket,c28c2695-269c-43c5-b0da-c5471dc6655d,Кекс Сайрам Нан с кунжутом,890.0,Пряники,False,False
2026-09-29,MaxMarket,d1f3a321-3b89-4703-9b05-ec9b2510afd7,Пряники Яшкино шоколадные 350гр,835.0,Пряники,False,False
2026-09-29,MaxMarket,61de77e0-f8e3-41fa-b318-0fa17da4b653,Шоколад Alpen Gold Max Fan тропик 150 гр,2030.0,Пряники,False,False
2026-09-29,MaxMarket,d42f5de9-a1ee-4172-a904-6e64634ec9f6,Конфеты Merci ассорти 250г,4360.0,Пряники,False,False
2026-09-29,MaxMarket,50c490fa-ec33-43ed-bbab-7559a96b0475,Конфеты Raffaello 70г п/кор.,1660.0,Пряники,False,False
2026-09-29,MaxMarket,f51251e1-d021-4fef-8e9f-35af8562d80c,Конфеты Merci ассорти 400гр,8655.0,Пряники,False,False
2026-09-29,MaxMarket,23f76683-bb78-4a94-9f34-5c6307a71fd3,Коржики Сайрам нан с творожной начинкой 450гр,935.0,Печенье и пряники,False,False
2026-09-29,MaxMarket,87bc2ff4-02da-4528-9f15-ff087c3d2e2d,Крекер Tuc паприка 100гр,600.0,"Соломка, крекеры",False,False
2026-09-29,MaxMarket,c55ad109-fbac-45d2-89c8-7885329cbde1,Вафли Яшкино голландские с вареной сгущенкой 165гр,480.0,Вафли,False,False
2026-09-29,MaxMarket,24a7d3eb-7d05-4ebb-9525-84ace8b03d75,Вафли Kinder Bueno Dark 43гр,645.0,Вафли,False,False
2026-09-29,MaxMarket,e1afc32d-7837-49a8-88c7-532f600cf694,Вафли Яшкино голландские Карамель 165гр,460.0,Вафли,False,False
2026-09-29,MaxMarket,3c8781bd-f527-48d6-8abe-d5018421fcac,Круассан 7Days с Варенной сгущенкой 65гр,320.0,Круассаны,False,False
2026-09-29,MaxMarket,39e7c08c-25a4-454d-8d0e-3be97891f5d5,Круассан 7Days с какао 65гр,320.0,Круассаны,False,False
2026-09-29,MaxMarket,32dfa937-c906-47e9-83ad-0e71fb54f6c5,Круассан Сайрам Нан со сгущенкой,905.0,Круассаны,False,False
2026-09-29,MaxMarket,7c4b06ae-79bb-490a-b7f4-ae8e8f2b891c,Круассан 7Days ваниль 65гр,320.0,Круассаны,False,False
2026-09-29,MaxMarket,e956f800-bfdf-4a0c-bdfd-953ccb84f0be,Булочки Сайрам Нан со сгущенкой 400гр,650.0,"Кексы, маффины",False,False
2026-09-29,MaxMarket,d99d2474-927b-458a-b780-7fac679cbbfd,Бисквит Барни шоколад.начин. 30гр,250.0,"Бисквиты, рулеты",False,False
2026-09-29,MaxMarket,f2df00ee-b88d-4928-a475-f84bd0047b7a,Бисквит Барни молоко 30гр,250.0,"Бисквиты, рулеты",False,False
2026-09-29,MaxMarket,94bd0b2a-0f43-4f1a-ab8f-151bd519f46c,Бисквит Барни банан/йогурт 30гр,250.0,"Бисквиты, рулеты",False,False
2026-09-29,MaxMarket,294616a7-b048-4088-9d20-df14e68ca1d8,Бисквит Барни шоколад 150г,1300.0,"Бисквиты, рулеты",False,False
2026-09-29,MaxMarket,c80d05eb-237f-461e-9749-e69483b33ffd,Бисквит Барни с молочной начинкой 150г,1760.0,"Бисквиты, рулеты",False,False
2026-09-29,MaxMarket,75f5c238-951f-479f-a8bb-f25236eb91a8,Бисквит Барни банан/йогурт 150гр,1205.0,"Бисквиты, рулеты",False,False
2026-09-29,MaxMarket,ee6ed866-35ad-48fc-aaea-c61c18f3537b,Ореховая паста Nutella 180гр ст/б,2125.0,Шоколадная паста,False,False
2026-09-29,MaxMarket,2282d148-6120-4cb0-aaa9-f9eb1c6d58a5,Ореховая паста Nutella 350г ст/б,3620.0,Шоколадная паста,False,False
2026-09-29,MaxMarket,8fbe7d58-53ca-4555-a21d-2c35740ec3c6,Сгущенка Буренка Масло дел 380г ж/б,735.0,Шоколадная паста,False,False
2026-09-29,MaxMarket,4112e0b1-8b3b-4365-b748-dc64c1333dd5,Джем Махеев Малиновый 400гр ст/б,1785.0,Джем,False,False
2026-09-29,MaxMarket,2e59ada5-1adb-4294-9e05-58656592e738,Джем Махеевъ малиновый 300г,980.0,Джем,False,False
2026-09-29,MaxMarket,aef0e200-5d0b-4a20-bc36-66a0f1e3f2ce,Джем Махеев Лимон-Имбирь 400гр ст/б,1785.0,Джем,False,False
2026-09-29,MaxMarket,5c89e572-b890-44b3-a265-4f01f5d5e9da,Джем Махеев Клубничный 400гр ст/б,1675.0,Джем,False,False
2026-09-29,MaxMarket,0cbc8d24-6ae7-4a30-b090-f3e09c0f012b,Мармелад Fruit-tella змеи xxl 70гр,565.0,Мармелад,False,False
2026-09-29,MaxMarket,167bc7a1-6e58-40e0-a2f9-a413f71a46f3,Мармелад Chupa chups страйпсы 150гр,1085.0,Мармелад,False,False
2026-09-29,MaxMarket,5cf9b779-9679-4581-9f89-033039025164,Мармелад ChupaChups Кислые роллсы 70г,600.0,Мармелад,False,False
2026-09-29,MaxMarket,f77315b4-4a4d-4fc6-82e4-fca09e8fa362,Мармелад ChupaChups кислые роллсы Cola 150гр,1085.0,Мармелад,False,False
2026-09-29,MaxMarket,46d1bfe2-a7f3-48eb-b76b-0134df0de6d1,Мармелад Haribo Goldbears 80г,765.0,Мармелад,False,False
2026-09-29,MaxMarket,64cce351-3bd5-4c56-8d07-414fac466065,Мармелад Chupa Chups кислые роллсы 150гр,1085.0,Мармелад,False,False
2026-09-29,MaxMarket,78d50665-b559-4b34-8f0f-316358463b3e,Зефир Belucci ванильный 260г,915.0,Мармелад,False,False
2026-09-29,MaxMarket,e4630c50-2cd6-4a60-a76e-c6820441afda,Мармелад Chupa Chups Страйпсы Яблоко 120гр,1085.0,Мармелад,False,False
2026-09-29,MaxMarket,3f02129d-ad4f-46f1-afdd-d8b03915e24a,*Зефир Рахат глазированный 460г,1825.0,Мармелад,False,False
2026-09-29,MaxMarket,c9d622fb-afdb-4d25-916b-eb88f9358cba,Халва Алматинская подсолнечная 275гр,575.0,"Козинаки, халва",False,False
2026-09-29,MaxMarket,b58ae63e-cc51-4aee-a4e9-36bfd7bf8962,Жеват.резинка Orbit XXL неж.мята 20.4г,400.0,Жевательная Резинка,False,False
2026-09-29,MaxMarket,b19feefc-6842-49ad-b4c1-81da5e2437a6,Жев.резинка Dirol XXL ассорти фрукт.вкусов 19г,295.0,Жевательная Резинка,False,False
2026-09-29,MaxMarket,55e45a32-dd6c-488c-b8af-5c9cd8b4d87a,Жев. резинка Orbit класический 13.6г,300.0,Жевательная Резинка,False,False
2026-09-29,MaxMarket,d0457377-f169-43bc-9b1d-31ad3b694ff4,Жев.резинка Orbit White bubblemint 13.6г,300.0,Жевательная Резинка,False,False
2026-09-29,MaxMarket,e72beeb8-1ec3-481f-9076-f3db9d5a2f6f,Жев. резинка Mentos виноград 15г,295.0,Жевательная Резинка,False,False
2026-09-29,MaxMarket,72ef2642-bd27-40b1-85d0-57e0fd27aa64,Жевательная резинка Orbit арбуз 13.6г,300.0,Жевательная Резинка,False,False
2026-09-29,MaxMarket,20ed78b1-9a6c-4b7a-9e35-462517c69d1d,Жев.конфеты ChupaChups Chew клубника 47г,530.0,Жевательная Резинка,False,False
2026-09-29,MaxMarket,f240899c-d1c5-4124-8802-3584e9df49e0,Жев.резинка Orbit White XXL Bubblemint 20.4г,400.0,Жевательная Резинка,False,False
2026-09-29,MaxMarket,4fb14a93-1d22-4a9c-a76b-b5b64cffd364,Жев. резинка Orbit Cладкая мята XXL 20.4г,400.0,Жевательная Резинка,False,False
2026-09-29,MaxMarket,2cef41c9-2ef8-4b41-bea3-55c51a81e8d4,Жев.резинка Orbit клубн./банан 13.6г,300.0,Жевательная Резинка,False,False
2026-09-29,MaxMarket,58866253-a883-45ee-a52d-d824d11d63cc,Леденцы Halls Original 25гр,315.0,Жевательная Резинка,False,False
2026-09-29,MaxMarket,a72f69c4-52ad-4f84-8a49-b7c9225d3657,Жев.рез. Dirol арбузная свежесть 19г,295.0,Жевательная Резинка,False,False
2026-09-29,MaxMarket,24330a43-d51c-45e6-9ace-ad80b694fcf9,Жев.резинка Dirol white 13.6г,250.0,Жевательная Резинка,False,False
2026-09-29,MaxMarket,ea12da99-b568-44fd-8fd5-1b0d304375fc,Леденцы Halls Cherry 25гр,330.0,Жевательная Резинка,False,False
2026-09-29,MaxMarket,70de964e-0e1d-4731-ba6f-6954eb6c6f69,Жев.резинка Dirol арбузная свежесть 13.6г,165.0,Жевательная Резинка,False,False
2026-09-29,MaxMarket,04f9811b-a0f8-4695-b4ce-4ef8cf7eb51c,Жев.резинка Mentos арбуз 15.5гр,295.0,Жевательная Резинка,False,False
2026-09-29,MaxMarket,21f0f25a-dd6a-47c6-84c7-2eb9be15c313,Жев.конфеты ChupaChups Chew кола 47г,545.0,Жевательная Резинка,False,False
2026-09-29,MaxMarket,617403ae-1e6d-4e30-bb33-b1727726b31d,Жев. резинка Orbit Winterfresh 13.6г,300.0,Жевательная Резинка,False,False
2026-09-29,MaxMarket,eb2e0fad-884e-47d4-ab69-92167d5a8f97,Жев.резинка Orbit сладкая мята 13.6г,300.0,Жевательная Резинка,False,False
2026-09-29,MaxMarket,d4c2e1ad-553b-4b40-abce-5aab5cb67a9f,"Жев. резинка Orbit Нежная мята 13,6гр",300.0,Жевательная Резинка,False,False
2026-09-29,MaxMarket,5f5592cd-4c02-401e-98e5-5106937677c2,Леденцы Halls Extra Strong 25.2гр,330.0,Жевательная Резинка,False,False
2026-09-29,MaxMarket,562d8510-7dda-41b4-a194-578613741c23,"Леденцы Halls мед/лимон 25,2гр",315.0,Жевательная Резинка,False,False
2026-09-29,MaxMarket,547d4e49-c581-4021-8395-3dd9da9e3690,Жев. рез. Dirol ледяная мята б/сахара 13.6гр,165.0,Жевательная Резинка,False,False
2026-09-29,MaxMarket,cea5cc6f-bc62-4459-b375-710188c05c4d,"Конфеты Halls Mini Mints б/сахара 12,5г",375.0,Жевательная Резинка,False,False
2026-09-29,MaxMarket,2345e586-0e51-499c-ba11-372743ba09c2,Помидоры тепличные,925.0,Фрукты,False,False
2026-09-29,MaxMarket,a3f8b4a0-6420-49fa-a3f4-90cd2598b4ff,Морковь,360.0,Фрукты,False,False
2026-09-29,MaxMarket,8b226f43-d253-46be-b2a6-253030b9478b,Лук репчатый,195.0,Фрукты,False,False
2026-09-29,MaxMarket,a5caca52-1808-4bc8-a9b2-0c710d3fcb30,Огурцы,480.0,Фрукты,False,False
2026-09-29,MaxMarket,a7bc7942-71d2-41eb-bbba-8ac85abf128c,Яблоки зеленые,705.0,Фрукты,False,False
2026-09-29,MaxMarket,e2685976-e106-47c1-b1db-4bc73a15e8ee,Зелень смешанная,240.0,Фрукты,False,False
2026-09-29,MaxMarket,dd0c52e4-c4f5-4ddc-9c52-41d756b79ba6,Яблоки красные,705.0,Фрукты,False,False
2026-09-29,MaxMarket,08cc9e18-8712-49fc-9b00-72b25d00733c,Листья Салата шт,600.0,Фрукты,False,False
2026-09-29,MaxMarket,3e2bc12e-0e1f-4588-b12d-bff649535561,Картофель,315.0,"Картофель, батат",False,False
2026-09-29,MaxMarket,4a312267-91ac-47e5-8ead-ac753fb3ff5e,Болгарский перец,530.0,"Перец, баклажаны, кабачки",False,False
2026-09-29,MaxMarket,fe1daad9-a0a6-4095-b2b9-281c208d298d,Пюре Агуша груша 90г,565.0,Смеси,False,False
2026-09-29,MaxMarket,8ae9cd7b-f5e8-4229-8cf9-1a21dfd36aef,Вода и сок Агуша яблоко/вишня 0.3л,720.0,Смеси,False,False
2026-09-29,MaxMarket,0e6a9e7e-6c42-4b79-9cf1-cf297a58b7ff,Вода и сок Агуша садовые ягоды 0.3л,675.0,Смеси,False,False
2026-09-29,MaxMarket,cafe2b43-03b3-41c4-b079-92d564ebc097,Вода детская Агуша 0.33л,440.0,Смеси,False,False
2026-09-29,MaxMarket,8edd694e-b95a-46b3-8ec7-5b6a9f3a586e,Пюре Агуша яблоко/ежевика/малина 90г,555.0,Смеси,False,False
2026-09-29,MaxMarket,2180f2c7-f28c-430d-a495-4ecdbbd052f2,Вода и сок Агуша яблоко/виноград 0.3л,675.0,Смеси,False,False
2026-09-29,MaxMarket,6bd17309-0011-410b-919e-a456a1d33d07,Хлебцы Агуша ягодное ассорти 30г,575.0,Смеси,False,False
2026-09-29,MaxMarket,63268dec-0138-48a5-b946-2abf76ee036d,Пюре Агуша мультифрукт 90г,555.0,Смеси,False,False
2026-09-29,MaxMarket,98e6ebed-bfce-4290-b197-f3b63197e75b,Пюре Агуша яблоко/груша/банан/манго 90г,565.0,Смеси,False,False
2026-09-29,MaxMarket,8f6b8d0a-0137-4466-b1c0-ae1952d3bb44,Сок Агуша груша 0.2л,450.0,Смеси,False,False
2026-09-29,MaxMarket,62bc6b5f-e8b3-468d-9eec-a6b0cd274eb1,Хлебцы Агуша груша 30г,590.0,Смеси,False,False
2026-09-29,MaxMarket,787d0ea9-5d3e-4594-80f3-007f0628f2b7,Вода и сок Агуша яблоко 0.3л,675.0,Смеси,False,False
2026-09-29,MaxMarket,9d96f2b2-00df-4d57-8b2d-850ecdaa493b,Детское питание Nestle NAN Optipro premium №1 400г ж/б,6505.0,Смеси,False,False
2026-09-29,MaxMarket,d331fa48-aa6b-4baf-91da-a63670e253f0,Пюре Агуша яблоко/банан/клубника/киви 90г,555.0,Смеси,False,False
2026-09-29,MaxMarket,67453b88-113e-4913-bf01-cf0110504754,Сок Агуша яблоко осветленное 0.2л,450.0,Смеси,False,False
2026-09-29,MaxMarket,8fce7c3f-1bbc-4d9e-a463-cc6916519f6b,Пюре Агуша яблоко 90г,565.0,Смеси,False,False
2026-09-29,MaxMarket,e3151ea6-f75f-4c1c-bb00-82db3919d43c,Сок Агуша яблоко с мякотью 0.2л,450.0,Смеси,False,False
2026-09-29,MaxMarket,77d46ccc-dfc1-4e12-bf67-b22d6cf22c55,Сок Агуша яблоко/персик с мякотью 0.2л,450.0,Смеси,False,False
2026-09-29,MaxMarket,c40e5c9f-c205-46e0-9fd4-a84f13d798e5,Хлебцы Здорово в молоч.шоколаде 200гр,975.0,Смеси,False,False
2026-09-29,MaxMarket,6c8fa7db-880a-4908-aa20-4d225b95802b,Детское питание Nestle NAN Optipro №3 premium 400г ж/б,7645.0,Смеси,False,False
2026-09-29,MaxMarket,2b424b32-8f76-4e9d-ba1e-4e5ce4ac0478,Детское питание Nestle NAN Optipro premium №2 400г ж/б,6505.0,Смеси,False,False
2026-09-29,MaxMarket,a09953c9-b602-48ec-8440-d735abc0ebba,Детское питание Nestle NAN Optipro №1 800г ж/б,9675.0,Смеси,False,False
2026-09-29,MaxMarket,c9186fb3-1a65-46ec-9b7a-e6b955ad85d4,Детское питание Nestle NAN Optipro №3 800г ж/б,12200.0,Смеси,False,False
2026-09-29,MaxMarket,db9e4d42-9178-4130-b814-0d185ccbbd80,Пюре Агуша яблоко/клубника/малина 90г,555.0,Фруктовое пюре,False,False
2026-09-29,MaxMarket,07aa35cf-c130-4fa3-bf56-ad9ee42105b0,Масло Маслозавод подсолнечное 1л,1170.0,Фруктовое пюре,False,False
2026-09-29,MaxMarket,35baf6cb-a4fa-44a4-bdee-a4727e0db33e,Пюре Агуша яблоко/персик 90г,555.0,Фруктовое пюре,False,False
2026-09-29,MaxMarket,66d65fba-f821-4a98-a208-f38364187ada,Кофе растворим. Jardin Gold 95гр ст/б,4645.0,Фруктовое пюре,False,False
2026-09-29,MaxMarket,be5f12d3-52b9-4c05-bc4e-d5c6ea2d8abd,Кукла в коробке София 1шт,690.0,Игрушки,False,False
2026-09-29,MaxMarket,68c0981b-4374-439e-af95-6ab65b2cf2e6,Машина железная BMW 8х 24271,7525.0,Игрушки,False,False
2026-09-29,MaxMarket,31b76beb-f580-449a-b344-d65567377fb0,Слайм Лапки Орео,560.0,Игрушки,False,False
2026-09-29,MaxMarket,af3004a0-1be1-402d-af5c-75e14902dedc,Кукла Fei Ni Qi в коробке 8880-17 8011,4830.0,Игрушки,False,False
2026-09-29,MaxMarket,a32faa47-e6a3-4944-8250-a240f34d0fed,Кукла May May малыши 201 8002b,2175.0,Игрушки,False,False
2026-09-29,MaxMarket,41c3698c-cbf6-4767-9902-a1ac8d641d7f,Мяч Губка Цифры,475.0,Игрушки,False,False
2026-09-29,MaxMarket,42c8a341-d0d0-4b38-a1aa-4449a5e6ecce,Мальчик на велосипеде заводная 958,1380.0,Игрушки,False,False
2026-09-29,MaxMarket,ee7a5065-564d-4874-8d77-57fedc070ea7,Камаз Пожарники 8801,5750.0,Игрушки,False,False
2026-09-29,MaxMarket,a1642dba-e675-4546-8838-fd2a22f97c15,Подгузники Мама Знает(4) L-52шт,8565.0,Подгузники,False,False
2026-09-29,MaxMarket,078dfdc5-0a07-47f3-bbd1-66e8aff6f0af,Подгузники Мама Знает XL (5) 44шт/уп,8565.0,Подгузники,False,False
2026-09-29,MaxMarket,917cbcf8-1600-42ce-95ac-fe269c59491a,Тетрадь общая 96 листов в клетку,335.0,"Ручки, карандаши, фломастеры, замазки",False,False
2026-09-29,MaxMarket,fd12a379-0d78-45c7-9c66-d6b91bdd30c2,Кисточки для краски 6шт,625.0,"Ручки, карандаши, фломастеры, замазки",False,False
2026-09-29,MaxMarket,390ebc93-1c81-4697-837f-12d530d1cd05,Точилка для карандашей,225.0,"Ручки, карандаши, фломастеры, замазки",False,False
2026-09-29,MaxMarket,39a1e9ef-3d05-41a8-9fb2-92a63db5c358,Тетрадь 12 листов в клетку,50.0,"Ручки, карандаши, фломастеры, замазки",False,False
2026-09-29,MaxMarket,eda71d9c-fd12-4da3-9312-adc6c7623e1f,Цветная бумага и картон 20л,450.0,"Ручки, карандаши, фломастеры, замазки",False,False
2026-09-29,MaxMarket,b6f4f214-4a4a-4b10-a8aa-ae67ad4282db,Тетрадь 12 листов в мелкую линейку,50.0,"Ручки, карандаши, фломастеры, замазки",False,False
2026-09-29,MaxMarket,e137d914-3073-4544-ad33-727080879ebe,Тетрадь 12 листов в линейку,50.0,"Ручки, карандаши, фломастеры, замазки",False,False
2026-09-29,MaxMarket,4ed13375-82fe-4dbe-a8cb-8e5b1a9b49e9,Бумага SvetoCopy Classic А4,3560.0,"Ручки, карандаши, фломастеры, замазки",False,False
2026-09-29,MaxMarket,bf2dc459-41cc-4bc6-9565-97dc11e98e1d,Клей карандаш 8гр кит,160.0,"Ручки, карандаши, фломастеры, замазки",False,False
2026-09-29,MaxMarket,20a2cdd4-7786-42a3-af94-e983d634a5b3,Цветная бумага двухстороняя 16л,215.0,"Ручки, карандаши, фломастеры, замазки",False,False
2026-09-29,MaxMarket,078f85e1-10bd-413e-8011-c2cbc3755486,Краски акварельные 12 цветов,675.0,"Ручки, карандаши, фломастеры, замазки",False,False
2026-09-29,MaxMarket,57769972-ec14-4b86-abe4-2ceea08684a5,Замазка белая,220.0,"Ручки, карандаши, фломастеры, замазки",False,False
2026-09-29,MaxMarket,14a82aea-f65a-4d40-96ea-aa854362a113,Ножницы канцелярские,375.0,"Ручки, карандаши, фломастеры, замазки",False,False
2026-09-29,MaxMarket,af2abe85-6639-4505-b898-8cb6ad966eef,Ластик Мопед,55.0,"Ручки, карандаши, фломастеры, замазки",False,False
2026-09-29,MaxMarket,da01d94c-6473-4440-80b2-f6027c5150c0,Карандаши простые 12шт,375.0,"Ручки, карандаши, фломастеры, замазки",False,False
2026-09-29,MaxMarket,4e7f4539-9d81-41eb-b034-162dbaa1c9e5,Корм Whiskas гов./ягнен. желе 75гр,305.0,Корм для кошек,False,False
2026-09-29,MaxMarket,2c03144c-b86a-4daf-b75c-741173b469dc,Корм Kitekat сух. телятина аппетитная 350г,995.0,Корм для кошек,False,False
2026-09-29,MaxMarket,04837ce3-875a-4602-9252-feff1b7895ea,Корм Whiskas курица рагу 75гр,305.0,Корм для кошек,False,False
2026-09-29,MaxMarket,75b97910-a2ba-4e86-838d-9ee03ff6fdf5,Корм Whiskas для кошек говядина стериль 350г,1525.0,Корм для кошек,False,False
2026-09-29,MaxMarket,4c3c20b4-5fe3-4406-805d-dd831cbdc8c0,Корм Kitekat говядина желе 85г,275.0,Корм для кошек,False,False
2026-09-29,MaxMarket,3ad6eaa6-d82b-4e15-90c4-f62bee21724a,Энергетик Gorilla Ultimate 0.45л ж/б,635.0,Топ недели,False,False
2026-09-29,MaxMarket,93ee9cf8-dd0a-46e2-b3dc-757f19cb008b,Котлеты Tez-Tez говяжьи 10шт/уп,4465.0,"Из говядины, баранины и конины",False,False
2026-09-29,MaxMarket,84c6ad32-d52f-414c-b4b0-f0f2241475b6,Сибас Elite Fish замороженный б/чешуи 400гр,8740.0,"Из говядины, баранины и конины",False,False
2026-09-29,MaxMarket,39c656e0-7476-4064-b3b0-26994bec9822,Наггетсы куриные Мираторг классич. 300г,1530.0,Из птицы,False,False
2026-09-29,MaxMarket,aff3b2d3-a07b-4c05-85da-b89c77a55a00,Стручковая фасоль VICI 400г,820.0,Овощи замороженные,False,False
2026-09-29,MaxMarket,05eb209b-b90e-4d58-a940-6f093f787449,Смесь Vici гавайская с рисом 400гр,1405.0,Овощи замороженные,False,False
2026-09-29,MaxMarket,86e9f582-69cc-49e4-a97b-4bc08a94a06a,Компотная смесь VICI 300г,1620.0,Овощи замороженные,False,False
2026-09-29,MaxMarket,f2ebf4f1-8812-4c15-8495-28debfb886d3,Брокколи VICI 400гр,1405.0,Овощи замороженные,False,False
2026-09-29,MaxMarket,f83ce319-2cff-4d26-9f28-a51469feb110,Фасоль стручковая Bauer 400г,1120.0,Овощи замороженные,False,False
2026-09-29,MaxMarket,828f6a32-72c7-4b1f-b350-b1cf1bc5314a,Мороженое Ностальгия клубн. ведро 500г,1800.0,Сливочное и молочное мороженое,False,False
2026-09-29,MaxMarket,85ca56f7-40f0-4682-91c3-734df2a6d313,Мороженое Bahroma Чизкейк/Черное печенье 320гр,3960.0,Сливочное и молочное мороженое,False,False
2026-09-29,MaxMarket,560352c3-e405-496f-ba41-b22498eede72,Мороженое Bahroma Медовик 320гр,3960.0,Сливочное и молочное мороженое,False,False
2026-09-29,MaxMarket,5e71b0d0-9ad9-43d9-8ba7-ff5a9b767073,Мороженое Bahroma Прага молочный шоколад 320гр,3960.0,Сливочное и молочное мороженое,False,False
2026-09-29,MaxMarket,7f40fdd1-3728-438e-b368-13f2ea98836b,Мороженое Snickers батончик 48гр,805.0,Сливочное и молочное мороженое,False,False
2026-09-29,MaxMarket,457dcf9e-1e73-4f8c-ac85-54b4b2325bed,Мороженое Twix батончик 48г,805.0,Сливочное и молочное мороженое,False,False
2026-09-29,MaxMarket,3d5d9648-91ed-45a6-b297-1a554185bff6,Мороженое Магнат Mini Cookie 6шт/уп,5245.0,Сливочное и молочное мороженое,False,False
2026-09-29,MaxMarket,a9049ff7-d33d-4dfd-9f1b-d2a681b01133,Мороженое Десерт Гроспирон Прага 140гр,1140.0,Сливочное и молочное мороженое,False,False
2026-09-29,MaxMarket,a26a1012-d4fc-44de-8013-55bc49ff1bf4,Сосиски Salima из индейки 340гр,840.0,"Пельмени, вареники",False,False
2026-09-29,MaxMarket,00def6a2-b0bd-415f-81e4-cfa55ba0c196,Пельмени Добрые малышки 350гр,1055.0,"Пельмени, вареники",False,False
2026-09-29,MaxMarket,9a02fc13-ff14-438a-96b7-ce03a548dc3c,Вареники Tez Tez с картофелем 500гр,1565.0,"Пельмени, вареники",False,False
2026-09-29,MaxMarket,d828606c-fc80-46ef-8afb-35aeaad1620c,Пельмени Деревенские с говядиной дом.,1970.0,"Пельмени, вареники",False,False
2026-09-29,MaxMarket,c2b3efa4-bb7d-49d3-9148-0a3f4efc7199,Вареники Деревенские с картофелем дом.,985.0,"Пельмени, вареники",False,False
2026-09-29,MaxMarket,11c1d855-cb6b-4584-b234-a6ca79369ac7,Тесто Хваленое слоеное бездрожжевое 800гр,1265.0,"Пельмени, вареники",False,False
2026-09-29,MaxMarket,285c8ac2-1a45-4f54-a730-149a71c41a86,Вареники Ленгерские 700гр,1245.0,"Пельмени, вареники",False,False
2026-09-29,MaxMarket,3a0f5daf-02cb-4ea5-a11a-302d18eedc43,Вареники Деревенские картофель/грибы дом.,1225.0,"Пельмени, вареники",False,False
2026-09-29,MaxMarket,c7c20a0d-f9ac-4181-92ee-006f54c0099e,Бульмени Tez Tez 500гр,2360.0,"Пельмени, вареники",False,False
2026-09-29,MaxMarket,80df45af-a3ba-406e-a314-0230ace49d7e,Тесто Филло 500гр,2130.0,Тесто,False,False
